[Licensing::Module] Trying to connect to existing licensing client channel...
Built from '6000.0/respin/6000.0.60f1-f02d6f9f9009' branch; Version is '6000.0.60f1 (61dfb374e36f) revision 6414259'; Using compiler version '193933523'; Build Type 'Release'
[Licensing::IpcConnector] Successfully connected to: "LicenseClient-Administrator" at "2026-08-14T17:10:03.2265522Z"
OS: 'Windows 10  (10.0.19045) 64bit Professional' Language: 'zh' Physical Memory: 32702 MB
BatchMode: 1, IsHumanControllingUs: 0, StartBugReporterOnCrash: 0, Is64bit: 1
Date: 2026-08-14T17:10:03Z

COMMAND LINE ARGUMENTS:
C:\Program Files\Unity\Hub\Editor\6000.0.60f1\Editor\Unity.exe
-batchMode
-nographics
-projectPath
C:\Users\Administrator\Documents\BlastGame
-executeMethod
BlastGame.Editor.BlastBotJenkinsBatchEntry.RunFromCommandLine
-BlastBotBatchLevels
158,163,167,169,172,176,185,191,192,193,200
-BlastBotBatchRunCount
200
-BlastBotBatchTiers
1,2,3,4,5
-BlastBotBatchLevelFolder
test
-BlastBotBatchRecordReplay
false
-BlastBotBatchDedupeEnabled
false
-BlastBotBatchStrategy
scoring_opt_vg
-BlastBotBatchAdaptiveStop
true
-BlastBotBatchBayesStdThreshold
0.025
-BlastBotBatchBayesBatchSize
10
-logFile
-
-quit
Successfully changed project path to: C:\Users\Administrator\Documents\BlastGame
C:/Users/Administrator/Documents/BlastGame
[UnityMemory] Configuration Parameters - Can be set up in boot.config
"memorysetup-bucket-allocator-granularity=16"
"memorysetup-bucket-allocator-bucket-count=8"
"memorysetup-bucket-allocator-block-size=33554432"
"memorysetup-bucket-allocator-block-count=8"
"memorysetup-main-allocator-block-size=16777216"
"memorysetup-thread-allocator-block-size=16777216"
"memorysetup-gfx-main-allocator-block-size=16777216"
"memorysetup-gfx-thread-allocator-block-size=16777216"
"memorysetup-cache-allocator-block-size=4194304"
"memorysetup-typetree-allocator-block-size=2097152"
"memorysetup-profiler-bucket-allocator-granularity=16"
"memorysetup-profiler-bucket-allocator-bucket-count=8"
"memorysetup-profiler-bucket-allocator-block-size=33554432"
"memorysetup-profiler-bucket-allocator-block-count=8"
"memorysetup-profiler-allocator-block-size=16777216"
"memorysetup-profiler-editor-allocator-block-size=1048576"
"memorysetup-temp-allocator-size-main=16777216"
"memorysetup-job-temp-allocator-block-size=2097152"
"memorysetup-job-temp-allocator-block-size-background=1048576"
"memorysetup-job-temp-allocator-reduction-small-platforms=262144"
"memorysetup-allocator-temp-initial-block-size-main=262144"
"memorysetup-allocator-temp-initial-block-size-worker=262144"
"memorysetup-temp-allocator-size-background-worker=32768"
"memorysetup-temp-allocator-size-job-worker=262144"
"memorysetup-temp-allocator-size-preload-manager=33554432"
"memorysetup-temp-allocator-size-nav-mesh-worker=65536"
"memorysetup-temp-allocator-size-audio-worker=65536"
"memorysetup-temp-allocator-size-cloud-worker=32768"
"memorysetup-temp-allocator-size-gi-baking-worker=262144"
"memorysetup-temp-allocator-size-gi-baking-worker=262144"
"memorysetup-temp-allocator-size-gi-baking-worker=262144"
"memorysetup-temp-allocator-size-gi-baking-worker=262144"
"memorysetup-temp-allocator-size-gi-baking-worker=262144"
"memorysetup-temp-allocator-size-gfx=262144"
Player connection [31092]  Target information:

Player connection [31092]  * "[IP] 10.0.41.41 [Port] 55504 [Flags] 2 [Guid] 2494770406 [EditorId] 2494770406 [Version] 1048832 [Id] WindowsEditor(7,DESKTOP-QR4DSFB) [Debug] 1 [PackageName] WindowsEditor [ProjectName] Editor"

Player connection [31092] Host joined multi-casting on [225.0.0.222:54997]...
Player connection [31092] Host joined alternative multi-casting on [225.0.0.222:34997]...
Input System module state changed to: Initialized.
[Physics::Module] Initialized fallback backend.
[Physics::Module] Id: 0xdecafbad
[Licensing::Client] Code 10 while verifying Licensing Client signature (process Id: 21640, path: "D:/software/UnityHub/Unity Hub/UnityLicensingClient_V1/Unity.Licensing.Client.exe")
[Licensing::Module] LicensingClient has failed validation; ignoring
[Licensing::Client] Error: HandshakeResponse reported an error:
ResponseCode: 505
ResponseStatus: Unsupported protocol version '1.17.2'.
[Licensing::Module] Error: Failed to handshake to channel: "LicenseClient-Administrator"
[Licensing::IpcConnector] LicenseClient-Administrator channel disconnected successfully.
[Licensing::IpcConnector] Channel LicenseClient-Administrator-6000.0.60 doesn't exist
[Licensing::Module] Successfully launched the LicensingClient (PId: 36048)
[Package Manager] Connected to IPC stream "Upm-29608" after 0.3 seconds.
Library Redirect Path: Library/
Starting IPC server.
Waiting for clients to connect on \\.\pipe\Unity-LicenseClient-Administrator-6000.0.60, press Ctrl-C to exit.
[Licensing::IpcConnector] Successfully connected to: "LicenseClient-Administrator-6000.0.60" at "2026-08-14T17:10:03.6436051Z"
[Licensing::Client] Code 10 while verifying Licensing Client signature (process Id: 36048, path: "C:/Program Files/Unity/Hub/Editor/6000.0.60f1/Editor/Data/Resources/Licensing/Client/Unity.Licensing.Client.exe")
[Licensing::Module] LicensingClient has failed validation; ignoring
[Licensing::Client] Handshaking with LicensingClient:
Version:                 1.17.2+ff71f16
Session Id:              01655aa959784bc7b1a44ae21172fdd1
Correlation Id:          e660de7d2c17e180fed037ddfc4b615c
External correlation Id: 6941191003761661069
Machine Id:              ifJ0sY/WLVbLquCuSlpxJ0I9S2A=
[Licensing::Module] Successfully connected to LicensingClient on channel: "LicenseClient-Administrator-6000.0.60" (connect: 0.37s, validation: 0.19s, handshake: 0.01s)
[Licensing::IpcConnector] Successfully connected to: "LicenseClient-Administrator-6000.0.60-notifications" at "2026-08-14T17:10:03.8411164Z"
[Licensing::Module] Connected to LicensingClient (PId: 36048, launch time: 0.00, total connection time: 0.57s)
[Licensing::Module] Error: Access token is unavailable; failed to update
[Physics::Module] Selected backend.
[Physics::Module] Name: PhysX
[Physics::Module] Id: 0xf2b8ea05
[Physics::Module] SDK Version: 4.1.2
[Physics::Module] Integration Version: 1.0.0
[Physics::Module] Threading Mode: Multi-Threaded
[Licensing::Client] Successfully resolved entitlement details
[Licensing::Module] License group:
Id: F4-2YAK-BEFC-UJFY-QZRM-XXXX
Product: Unity Personal
Type: ULF
Expiration: Unlimited
[Licensing::Client] Successfully updated license, isAsync: True, time: 0.01
[Licensing::Client] Successfully resolved entitlement details
[Licensing::Module] Licensing Background thread has ended after 0.66s
Refreshing native plugins compatible for Editor in 25.32 ms, found 1 plugins.
Preloading 0 native plugins for Editor in 0.00 ms.
Initialize engine version: 6000.0.60f1 (61dfb374e36f)
[Subsystems] Discovering subsystems at path C:/Program Files/Unity/Hub/Editor/6000.0.60f1/Editor/Data/Resources/UnitySubsystems
[Subsystems] Discovering subsystems at path C:/Users/Administrator/Documents/BlastGame/Assets
Forcing GfxDevice: Null
GfxDevice: creating device client; kGfxThreadingModeNonThreaded
NullGfxDevice:
Version:  NULL 1.0 [1.0]
Renderer: Null Device
Vendor:   Unity Technologies
Shader Hidden/ProbeVolume/VoxelizeScene is not supported: GPU does not support conservative rasterization
Shader 'MoreMountains/MMRipple': fallback shader 'Particle/AlphaBlended' not found
Initialize mono
Mono path[0] = 'C:/Program Files/Unity/Hub/Editor/6000.0.60f1/Editor/Data/Managed'
Mono path[1] = 'C:/Program Files/Unity/Hub/Editor/6000.0.60f1/Editor/Data/MonoBleedingEdge/lib/mono/unityjit-win32'
Mono config path = 'C:/Program Files/Unity/Hub/Editor/6000.0.60f1/Editor/Data/MonoBleedingEdge/etc'
Using monoOptions --debugger-agent=transport=dt_socket,embedding=1,server=y,suspend=n,address=127.0.0.1:56608
Using cacheserver namespaces - metadata:defaultmetadata, artifacts:defaultartifacts
Using cacheserver namespaces - metadata:defaultmetadata, artifacts:defaultartifacts
ImportWorker Server TCP listen port: 0
AcceleratorClientConnectionCallback - disconnected - :0
Begin MonoManager ReloadAssembly
Registering precompiled unity dll's ...
Register platform support module: C:/Program Files/Unity/Hub/Editor/6000.0.60f1/Editor/Data/PlaybackEngines/WindowsStandaloneSupport/UnityEditor.WindowsStandalone.Extensions.dll
[Licensing::Client] Successfully resolved entitlement details
Register platform support module: C:/Program Files/Unity/Hub/Editor/6000.0.60f1/Editor/Data/PlaybackEngines/AndroidPlayer/UnityEditor.Android.Extensions.dll
[Licensing::Client] Successfully resolved entitlement details
Register platform support module: C:/Program Files/Unity/Hub/Editor/6000.0.60f1/Editor/Data/PlaybackEngines/iOSSupport/UnityEditor.iOS.Extensions.dll
Registered in 0.008330 seconds.
- Loaded All Assemblies, in  0.390 seconds
[usbmuxd] Start listen thread
[usbmuxd] Listen thread started
Native extension for iOS target not found
Native extension for Android target not found
Android Extension - Scanning For ADB Devices 2230 ms
Native extension for WindowsStandalone target not found
Mono: successfully reloaded assembly
- Finished resetting the current domain, in  2.572 seconds
Domain Reload Profiling: 2959ms
BeginReloadAssembly (126ms)
ExecutionOrderSort (0ms)
DisableScriptedObjects (0ms)
BackupInstance (0ms)
ReleaseScriptingObjects (0ms)
CreateAndSetChildDomain (1ms)
RebuildCommonClasses (36ms)
RebuildNativeTypeToScriptingClass (13ms)
initialDomainReloadingComplete (54ms)
LoadAllAssembliesAndSetupDomain (159ms)
LoadAssemblies (123ms)
RebuildTransferFunctionScriptingTraits (0ms)
AnalyzeDomain (155ms)
TypeCache.Refresh (154ms)
TypeCache.ScanAssembly (141ms)
BuildScriptInfoCaches (0ms)
ResolveRequiredComponents (0ms)
FinalizeReload (2572ms)
ReleaseScriptCaches (0ms)
RebuildScriptCaches (0ms)
SetupLoadedEditorAssemblies (2538ms)
LogAssemblyErrors (0ms)
InitializePlatformSupportModulesInManaged (2319ms)
SetLoadedEditorAssemblies (3ms)
BeforeProcessingInitializeOnLoad (57ms)
ProcessInitializeOnLoadAttributes (106ms)
ProcessInitializeOnLoadMethodAttributes (53ms)
AfterProcessingInitializeOnLoad (0ms)
EditorAssembliesLoaded (0ms)
ExecutionOrderSort2 (0ms)
AwakeInstancesAfterBackupRestoration (0ms)
[Licensing::Client] Successfully resolved entitlement details
Application.AssetDatabase Initial Refresh Start
Package Manager log level set to [2]
[Package Manager] Restoring resolved packages state from cache
[Licensing::Client] Successfully resolved entitlement details
Embedded package [com.betta.unity.framework] was found in the directory [C:\Users\Administrator\Documents\BlastGame\Packages\BettaFramework]. Please consider changing the directory name to match the package name.
Embedded package [com.betta.unity.interface] was found in the directory [C:\Users\Administrator\Documents\BlastGame\Packages\BettaInterface]. Please consider changing the directory name to match the package name.
Embedded package [com.betta.unity.sdk] was found in the directory [C:\Users\Administrator\Documents\BlastGame\Packages\BettaSDK]. Please consider changing the directory name to match the package name.
Embedded package [com.esotericsoftware.spine.timeline] was found in the directory [C:\Users\Administrator\Documents\BlastGame\Packages\com.esotericsoftware.spine.timeline-4.3]. Please consider changing the directory name to match the package name.
Embedded package [com.esotericsoftware.spine.urp-shaders] was found in the directory [C:\Users\Administrator\Documents\BlastGame\Packages\com.esotericsoftware.spine.urp-shaders-4.3-2019.1]. Please consider changing the directory name to match the package name.
[Package Manager] Registered 79 packages:
Packages from [https://package.openupm.com]:
com.google.external-dependency-manager@1.2.187 (location: C:\Users\Administrator\Documents\BlastGame\Library\PackageCache\com.google.external-dependency-manager@f5312a5700af)
Packages from [https://packages.unity.com]:
com.unity.2d.animation@10.2.1 (location: C:\Users\Administrator\Documents\BlastGame\Library\PackageCache\com.unity.2d.animation@81ad133dbdf1)
com.unity.device-simulator.devices@1.0.1 (location: C:\Users\Administrator\Documents\BlastGame\Library\PackageCache\com.unity.device-simulator.devices@2af643ceec84)
com.unity.ide.rider@3.0.40 (location: C:\Users\Administrator\Documents\BlastGame\Library\PackageCache\com.unity.ide.rider@e4950c6d131b)
com.unity.ide.visualstudio@2.0.26 (location: C:\Users\Administrator\Documents\BlastGame\Library\PackageCache\com.unity.ide.visualstudio@a99d56dec63f)
com.unity.memoryprofiler@1.1.9 (location: C:\Users\Administrator\Documents\BlastGame\Library\PackageCache\com.unity.memoryprofiler@077eae9ba83a)
com.unity.mobile.android-logcat@1.4.6 (location: C:\Users\Administrator\Documents\BlastGame\Library\PackageCache\com.unity.mobile.android-logcat@1552651bf770)
com.unity.pipeline@0.4.0-exp.1 (location: C:\Users\Administrator\Documents\BlastGame\Library\PackageCache\com.unity.pipeline@f49636739437)
com.unity.project-auditor@3.0.1 (location: C:\Users\Administrator\Documents\BlastGame\Library\PackageCache\com.unity.project-auditor@44596f714a19)
com.unity.timeline@1.8.12 (location: C:\Users\Administrator\Documents\BlastGame\Library\PackageCache\com.unity.timeline@8cd8509afae5)
com.unity.nuget.newtonsoft-json@3.2.1 (location: C:\Users\Administrator\Documents\BlastGame\Library\PackageCache\com.unity.nuget.newtonsoft-json@74deb55db2a0)
com.unity.purchasing@5.1.2 (location: C:\Users\Administrator\Documents\BlastGame\Library\PackageCache\com.unity.purchasing@6d21c7e374c4)
com.unity.mobile.notifications@2.4.2 (location: C:\Users\Administrator\Documents\BlastGame\Library\PackageCache\com.unity.mobile.notifications@790bff01702e)
com.unity.editorcoroutines@1.0.0 (location: C:\Users\Administrator\Documents\BlastGame\Library\PackageCache\com.unity.editorcoroutines@7d48783e7b8c)
com.unity.sharp-zip-lib@1.4.0 (location: C:\Users\Administrator\Documents\BlastGame\Library\PackageCache\com.unity.sharp-zip-lib@6d18e19ff711)
com.unity.project-auditor-rules@1.0.3 (location: C:\Users\Administrator\Documents\BlastGame\Library\PackageCache\com.unity.project-auditor-rules@1fa74fdf90ed)
com.unity.nuget.mono-cecil@1.11.6 (location: C:\Users\Administrator\Documents\BlastGame\Library\PackageCache\com.unity.nuget.mono-cecil@ecb9724e46ff)
com.unity.burst@1.8.25 (location: C:\Users\Administrator\Documents\BlastGame\Library\PackageCache\com.unity.burst@1df634d836b8)
com.unity.collections@2.6.2 (location: C:\Users\Administrator\Documents\BlastGame\Library\PackageCache\com.unity.collections@aea9d3bd5e19)
com.unity.mathematics@1.3.2 (location: C:\Users\Administrator\Documents\BlastGame\Library\PackageCache\com.unity.mathematics@8017b507cc74)
com.unity.profiling.core@1.0.2 (location: C:\Users\Administrator\Documents\BlastGame\Library\PackageCache\com.unity.profiling.core@aac7b93912bc)
com.unity.2d.common@9.1.1 (location: C:\Users\Administrator\Documents\BlastGame\Library\PackageCache\com.unity.2d.common@bc041c6e0d0d)
com.unity.services.core@1.14.0 (location: C:\Users\Administrator\Documents\BlastGame\Library\PackageCache\com.unity.services.core@9e81a5e38245)
com.unity.searcher@4.9.3 (location: C:\Users\Administrator\Documents\BlastGame\Library\PackageCache\com.unity.searcher@1e17ce91558d)
com.unity.test-framework.performance@3.2.0 (location: C:\Users\Administrator\Documents\BlastGame\Library\PackageCache\com.unity.test-framework.performance@0840f58e4562)
Built-in packages:
com.unity.2d.sprite@1.0.0 (location: C:\Users\Administrator\Documents\BlastGame\Library\PackageCache\com.unity.2d.sprite@897b7eecf04e)
com.unity.render-pipelines.universal@17.0.4 (location: C:\Users\Administrator\Documents\BlastGame\Library\PackageCache\com.unity.render-pipelines.universal@ba24149c0920)
com.unity.ugui@2.0.0 (location: C:\Users\Administrator\Documents\BlastGame\Library\PackageCache\com.unity.ugui@27299721f2fd)
com.unity.modules.accessibility@1.0.0 (location: C:\Program Files\Unity\Hub\Editor\6000.0.60f1\Editor\Data\Resources\PackageManager\BuiltInPackages\com.unity.modules.accessibility)
com.unity.modules.ai@1.0.0 (location: C:\Program Files\Unity\Hub\Editor\6000.0.60f1\Editor\Data\Resources\PackageManager\BuiltInPackages\com.unity.modules.ai)
com.unity.modules.androidjni@1.0.0 (location: C:\Program Files\Unity\Hub\Editor\6000.0.60f1\Editor\Data\Resources\PackageManager\BuiltInPackages\com.unity.modules.androidjni)
com.unity.modules.animation@1.0.0 (location: C:\Program Files\Unity\Hub\Editor\6000.0.60f1\Editor\Data\Resources\PackageManager\BuiltInPackages\com.unity.modules.animation)
com.unity.modules.assetbundle@1.0.0 (location: C:\Program Files\Unity\Hub\Editor\6000.0.60f1\Editor\Data\Resources\PackageManager\BuiltInPackages\com.unity.modules.assetbundle)
com.unity.modules.audio@1.0.0 (location: C:\Program Files\Unity\Hub\Editor\6000.0.60f1\Editor\Data\Resources\PackageManager\BuiltInPackages\com.unity.modules.audio)
com.unity.modules.cloth@1.0.0 (location: C:\Program Files\Unity\Hub\Editor\6000.0.60f1\Editor\Data\Resources\PackageManager\BuiltInPackages\com.unity.modules.cloth)
com.unity.modules.director@1.0.0 (location: C:\Program Files\Unity\Hub\Editor\6000.0.60f1\Editor\Data\Resources\PackageManager\BuiltInPackages\com.unity.modules.director)
com.unity.modules.imageconversion@1.0.0 (location: C:\Program Files\Unity\Hub\Editor\6000.0.60f1\Editor\Data\Resources\PackageManager\BuiltInPackages\com.unity.modules.imageconversion)
com.unity.modules.imgui@1.0.0 (location: C:\Program Files\Unity\Hub\Editor\6000.0.60f1\Editor\Data\Resources\PackageManager\BuiltInPackages\com.unity.modules.imgui)
com.unity.modules.jsonserialize@1.0.0 (location: C:\Program Files\Unity\Hub\Editor\6000.0.60f1\Editor\Data\Resources\PackageManager\BuiltInPackages\com.unity.modules.jsonserialize)
com.unity.modules.particlesystem@1.0.0 (location: C:\Program Files\Unity\Hub\Editor\6000.0.60f1\Editor\Data\Resources\PackageManager\BuiltInPackages\com.unity.modules.particlesystem)
com.unity.modules.physics@1.0.0 (location: C:\Program Files\Unity\Hub\Editor\6000.0.60f1\Editor\Data\Resources\PackageManager\BuiltInPackages\com.unity.modules.physics)
com.unity.modules.physics2d@1.0.0 (location: C:\Program Files\Unity\Hub\Editor\6000.0.60f1\Editor\Data\Resources\PackageManager\BuiltInPackages\com.unity.modules.physics2d)
com.unity.modules.screencapture@1.0.0 (location: C:\Program Files\Unity\Hub\Editor\6000.0.60f1\Editor\Data\Resources\PackageManager\BuiltInPackages\com.unity.modules.screencapture)
com.unity.modules.terrain@1.0.0 (location: C:\Program Files\Unity\Hub\Editor\6000.0.60f1\Editor\Data\Resources\PackageManager\BuiltInPackages\com.unity.modules.terrain)
com.unity.modules.terrainphysics@1.0.0 (location: C:\Program Files\Unity\Hub\Editor\6000.0.60f1\Editor\Data\Resources\PackageManager\BuiltInPackages\com.unity.modules.terrainphysics)
com.unity.modules.tilemap@1.0.0 (location: C:\Program Files\Unity\Hub\Editor\6000.0.60f1\Editor\Data\Resources\PackageManager\BuiltInPackages\com.unity.modules.tilemap)
com.unity.modules.ui@1.0.0 (location: C:\Program Files\Unity\Hub\Editor\6000.0.60f1\Editor\Data\Resources\PackageManager\BuiltInPackages\com.unity.modules.ui)
com.unity.modules.uielements@1.0.0 (location: C:\Program Files\Unity\Hub\Editor\6000.0.60f1\Editor\Data\Resources\PackageManager\BuiltInPackages\com.unity.modules.uielements)
com.unity.modules.umbra@1.0.0 (location: C:\Program Files\Unity\Hub\Editor\6000.0.60f1\Editor\Data\Resources\PackageManager\BuiltInPackages\com.unity.modules.umbra)
com.unity.modules.unityanalytics@1.0.0 (location: C:\Program Files\Unity\Hub\Editor\6000.0.60f1\Editor\Data\Resources\PackageManager\BuiltInPackages\com.unity.modules.unityanalytics)
com.unity.modules.unitywebrequest@1.0.0 (location: C:\Program Files\Unity\Hub\Editor\6000.0.60f1\Editor\Data\Resources\PackageManager\BuiltInPackages\com.unity.modules.unitywebrequest)
com.unity.modules.unitywebrequestassetbundle@1.0.0 (location: C:\Program Files\Unity\Hub\Editor\6000.0.60f1\Editor\Data\Resources\PackageManager\BuiltInPackages\com.unity.modules.unitywebrequestassetbundle)
com.unity.modules.unitywebrequestaudio@1.0.0 (location: C:\Program Files\Unity\Hub\Editor\6000.0.60f1\Editor\Data\Resources\PackageManager\BuiltInPackages\com.unity.modules.unitywebrequestaudio)
com.unity.modules.unitywebrequesttexture@1.0.0 (location: C:\Program Files\Unity\Hub\Editor\6000.0.60f1\Editor\Data\Resources\PackageManager\BuiltInPackages\com.unity.modules.unitywebrequesttexture)
com.unity.modules.unitywebrequestwww@1.0.0 (location: C:\Program Files\Unity\Hub\Editor\6000.0.60f1\Editor\Data\Resources\PackageManager\BuiltInPackages\com.unity.modules.unitywebrequestwww)
com.unity.modules.vehicles@1.0.0 (location: C:\Program Files\Unity\Hub\Editor\6000.0.60f1\Editor\Data\Resources\PackageManager\BuiltInPackages\com.unity.modules.vehicles)
com.unity.modules.video@1.0.0 (location: C:\Program Files\Unity\Hub\Editor\6000.0.60f1\Editor\Data\Resources\PackageManager\BuiltInPackages\com.unity.modules.video)
com.unity.modules.vr@1.0.0 (location: C:\Program Files\Unity\Hub\Editor\6000.0.60f1\Editor\Data\Resources\PackageManager\BuiltInPackages\com.unity.modules.vr)
com.unity.modules.wind@1.0.0 (location: C:\Program Files\Unity\Hub\Editor\6000.0.60f1\Editor\Data\Resources\PackageManager\BuiltInPackages\com.unity.modules.wind)
com.unity.modules.xr@1.0.0 (location: C:\Program Files\Unity\Hub\Editor\6000.0.60f1\Editor\Data\Resources\PackageManager\BuiltInPackages\com.unity.modules.xr)
com.unity.modules.subsystems@1.0.0 (location: C:\Program Files\Unity\Hub\Editor\6000.0.60f1\Editor\Data\Resources\PackageManager\BuiltInPackages\com.unity.modules.subsystems)
com.unity.modules.hierarchycore@1.0.0 (location: C:\Program Files\Unity\Hub\Editor\6000.0.60f1\Editor\Data\Resources\PackageManager\BuiltInPackages\com.unity.modules.hierarchycore)
com.unity.render-pipelines.core@17.0.4 (location: C:\Users\Administrator\Documents\BlastGame\Library\PackageCache\com.unity.render-pipelines.core@3d082aa477f5)
com.unity.shadergraph@17.0.4 (location: C:\Users\Administrator\Documents\BlastGame\Library\PackageCache\com.unity.shadergraph@6f01d23bdcbb)
com.unity.render-pipelines.universal-config@17.0.3 (location: C:\Users\Administrator\Documents\BlastGame\Library\PackageCache\com.unity.render-pipelines.universal-config@dd206bf35d04)
com.unity.test-framework@1.6.0 (location: C:\Users\Administrator\Documents\BlastGame\Library\PackageCache\com.unity.test-framework@0baaad2f700c)
com.unity.ext.nunit@2.0.5 (location: C:\Users\Administrator\Documents\BlastGame\Library\PackageCache\com.unity.ext.nunit@031a54704bff)
com.unity.rendering.light-transport@1.0.1 (location: C:\Users\Administrator\Documents\BlastGame\Library\PackageCache\com.unity.rendering.light-transport@9bd588f963c0)
Embedded packages:
com.betta.unity.framework@file:C:\Users\Administrator\Documents\BlastGame\Packages\BettaFramework (location: C:\Users\Administrator\Documents\BlastGame\Packages\BettaFramework)
com.betta.unity.interface@file:C:\Users\Administrator\Documents\BlastGame\Packages\BettaInterface (location: C:\Users\Administrator\Documents\BlastGame\Packages\BettaInterface)
com.betta.unity.sdk@file:C:\Users\Administrator\Documents\BlastGame\Packages\BettaSDK (location: C:\Users\Administrator\Documents\BlastGame\Packages\BettaSDK)
com.esotericsoftware.spine.timeline@file:C:\Users\Administrator\Documents\BlastGame\Packages\com.esotericsoftware.spine.timeline-4.3 (location: C:\Users\Administrator\Documents\BlastGame\Packages\com.esotericsoftware.spine.timeline-4.3)
com.esotericsoftware.spine.urp-shaders@file:C:\Users\Administrator\Documents\BlastGame\Packages\com.esotericsoftware.spine.urp-shaders-4.3-2019.1 (location: C:\Users\Administrator\Documents\BlastGame\Packages\com.esotericsoftware.spine.urp-shaders-4.3-2019.1)
Git packages:
com.boxqkrtm.ide.cursor@https://github.com/boxqkrtm/com.unity.ide.cursor.git (location: C:\Users\Administrator\Documents\BlastGame\Library\PackageCache\com.boxqkrtm.ide.cursor@fd8ff1fb700c)
com.code-philosophy.hybridclr@https://github.com/focus-creative-games/hybridclr_unity.git (location: C:\Users\Administrator\Documents\BlastGame\Library\PackageCache\com.code-philosophy.hybridclr@4feac30cb2e1)
com.coffee.softmask-for-ugui@https://github.com/mob-sakai/SoftMaskForUGUI.git?path=Packages/src (location: C:\Users\Administrator\Documents\BlastGame\Library\PackageCache\com.coffee.softmask-for-ugui@cfe00c1b8df7)
com.coffee.ui-effect@https://github.com/mob-sakai/UIEffect.git?path=Packages/src (location: C:\Users\Administrator\Documents\BlastGame\Library\PackageCache\com.coffee.ui-effect@67d136ba5b71)
com.coffee.ui-particle@https://github.com/mob-sakai/ParticleEffectForUGUI.git (location: C:\Users\Administrator\Documents\BlastGame\Library\PackageCache\com.coffee.ui-particle@92fb173507ec)
com.cysharp.unitask@https://github.com/Cysharp/UniTask.git?path=src/UniTask/Assets/Plugins/UniTask (location: C:\Users\Administrator\Documents\BlastGame\Library\PackageCache\com.cysharp.unitask@ad5ed25e82a3)
[Subsystems] No new subsystems found in resolved package list.
[Package Manager] Done registering packages in 0.02 seconds
Duplicate assembly 'Microsoft.CodeAnalysis.dll' with different versions detected, using 'Assets/Plugins/Roslyn/Microsoft.CodeAnalysis.dll, AssemblyName=Microsoft.CodeAnalysis, Version=4.12.0.0, Culture=neutral, PublicKeyToken=31bf3856ad364e35' and ignoring 'Packages/com.unity.pipeline/Runtime/Plugins/CodeAnalysis/Microsoft.CodeAnalysis.dll, AssemblyName=Microsoft.CodeAnalysis, Version=3.11.0.0, Culture=neutral, PublicKeyToken=31bf3856ad364e35'.Duplicate assembly 'Microsoft.CodeAnalysis.CSharp.dll' with different versions detected, using 'Assets/Plugins/Roslyn/Microsoft.CodeAnalysis.CSharp.dll, AssemblyName=Microsoft.CodeAnalysis.CSharp, Version=4.12.0.0, Culture=neutral, PublicKeyToken=31bf3856ad364e35' and ignoring 'Packages/com.unity.pipeline/Runtime/Plugins/CodeAnalysis/Microsoft.CodeAnalysis.CSharp.dll, AssemblyName=Microsoft.CodeAnalysis.CSharp, Version=3.11.0.0, Culture=neutral, PublicKeyToken=31bf3856ad364e35'.Duplicate assembly 'System.Runtime.CompilerServices.Unsafe.dll' with different versions detected, using 'Assets/Plugins/NuGet/System.Runtime.CompilerServices.Unsafe.dll, AssemblyName=System.Runtime.CompilerServices.Unsafe, Version=6.0.0.0, Culture=neutral, PublicKeyToken=b03f5f7f11d50a3a' and ignoring 'Packages/com.unity.pipeline/Runtime/Plugins/CodeAnalysis/System.Runtime.CompilerServices.Unsafe.dll, AssemblyName=System.Runtime.CompilerServices.Unsafe, Version=4.0.4.0, Culture=neutral, PublicKeyToken=b03f5f7f11d50a3a'.info: Microsoft.Hosting.Lifetime[14]
Now listening on: http://localhost:80
info: Microsoft.Hosting.Lifetime[0]
Application started. Press Ctrl+C to shut down.
info: Microsoft.Hosting.Lifetime[0]
Hosting environment: Production
info: Microsoft.Hosting.Lifetime[0]
Content root path: C:\Users\Administrator\Documents\BlastGame\
info: Microsoft.AspNetCore.Hosting.Diagnostics[1]
Request starting HTTP/2 POST http://ilpp/UnityILPP.PostProcessing/Ping application/grpc -
info: Microsoft.AspNetCore.Routing.EndpointMiddleware[0]
Executing endpoint 'gRPC - /UnityILPP.PostProcessing/Ping'
info: Microsoft.AspNetCore.Routing.EndpointMiddleware[1]
Executed endpoint 'gRPC - /UnityILPP.PostProcessing/Ping'
info: Microsoft.AspNetCore.Hosting.Diagnostics[2]
Request finished HTTP/2 POST http://ilpp/UnityILPP.PostProcessing/Ping application/grpc - - 200 - application/grpc 35.9045ms
Refreshing native plugins compatible for Editor in 83.97 ms, found 15 plugins.
Starting: C:\Program Files\Unity\Hub\Editor\6000.0.60f1\Editor\Data\bee_backend.exe --ipc --defer-dag-verification --dagfile="Library/Bee/1900b0aE.dag" --continue-on-failure --profile="Library/Bee/backend1.traceevents" ScriptAssemblies
WorkingDir: C:/Users/Administrator/Documents/BlastGame
info: Microsoft.AspNetCore.Hosting.Diagnostics[1]
Request starting HTTP/2 POST http://ilpp/UnityILPP.PostProcessing/ConfigurePostProcessors application/grpc -
info: Microsoft.AspNetCore.Routing.EndpointMiddleware[0]
Executing endpoint 'gRPC - /UnityILPP.PostProcessing/ConfigurePostProcessors'
DisplayProgressbar: Compiling Scripts
info: Unity.ILPP.Runner.PostProcessingAssemblyLoadContext[0]
Resolved Mono.Cecil, Version=0.11.5.0, Culture=neutral, PublicKeyToken=50cebf1cceb9d05e with Library\PackageCache\com.unity.nuget.mono-cecil@ecb9724e46ff\Mono.Cecil.dll
info: Unity.ILPP.Runner.PostProcessingAssemblyLoadContext[0]
Resolved Unity.Burst.Cecil, Version=0.11.4.0, Culture=neutral, PublicKeyToken=50cebf1cceb9d05e with Library\PackageCache\com.unity.burst@1df634d836b8\Unity.Burst.CodeGen\Unity.Burst.Cecil.dll
info: Microsoft.AspNetCore.Routing.EndpointMiddleware[1]
Executed endpoint 'gRPC - /UnityILPP.PostProcessing/ConfigurePostProcessors'
info: Microsoft.AspNetCore.Hosting.Diagnostics[2]
Request finished HTTP/2 POST http://ilpp/UnityILPP.PostProcessing/ConfigurePostProcessors application/grpc - - 200 - application/grpc 425.0480ms
ExitCode: 0 Duration: 0s764ms
[1466/1974  0s] ILPP-Configuration Library/ilpp-configuration.nevergeneratedoutput
*** Tundra build success (0.73 seconds), 1 items updated, 1974 evaluated
AssetDatabase: script compilation time: 1.320133s
Begin MonoManager ReloadAssembly
Duplicate assembly 'Microsoft.CodeAnalysis.dll' with different versions detected, using 'Assets/Plugins/Roslyn/Microsoft.CodeAnalysis.dll, AssemblyName=Microsoft.CodeAnalysis, Version=4.12.0.0, Culture=neutral, PublicKeyToken=31bf3856ad364e35' and ignoring 'Packages/com.unity.pipeline/Runtime/Plugins/CodeAnalysis/Microsoft.CodeAnalysis.dll, AssemblyName=Microsoft.CodeAnalysis, Version=3.11.0.0, Culture=neutral, PublicKeyToken=31bf3856ad364e35'.Duplicate assembly 'Microsoft.CodeAnalysis.CSharp.dll' with different versions detected, using 'Assets/Plugins/Roslyn/Microsoft.CodeAnalysis.CSharp.dll, AssemblyName=Microsoft.CodeAnalysis.CSharp, Version=4.12.0.0, Culture=neutral, PublicKeyToken=31bf3856ad364e35' and ignoring 'Packages/com.unity.pipeline/Runtime/Plugins/CodeAnalysis/Microsoft.CodeAnalysis.CSharp.dll, AssemblyName=Microsoft.CodeAnalysis.CSharp, Version=3.11.0.0, Culture=neutral, PublicKeyToken=31bf3856ad364e35'.Duplicate assembly 'System.Runtime.CompilerServices.Unsafe.dll' with different versions detected, using 'Assets/Plugins/NuGet/System.Runtime.CompilerServices.Unsafe.dll, AssemblyName=System.Runtime.CompilerServices.Unsafe, Version=6.0.0.0, Culture=neutral, PublicKeyToken=b03f5f7f11d50a3a' and ignoring 'Packages/com.unity.pipeline/Runtime/Plugins/CodeAnalysis/System.Runtime.CompilerServices.Unsafe.dll, AssemblyName=System.Runtime.CompilerServices.Unsafe, Version=4.0.4.0, Culture=neutral, PublicKeyToken=b03f5f7f11d50a3a'.Symbol file LoadedFromMemory is not a mono symbol file
- Loaded All Assemblies, in  1.632 seconds
'Packages/com.coffee.ui-effect/Runtime/Timeline/Base/UIEffectTimelineUtils.cs' contains partial class of Unity.Object, exactly 1 of the partial classes needs to be in a file with the same filename. This is to know the one that can be referenced from ie. GameObjects
'Packages/com.coffee.ui-effect/Runtime/Timeline/Base/UIEffectTimelineUtils.cs' contains partial class of Unity.Object, exactly 1 of the partial classes needs to be in a file with the same filename. This is to know the one that can be referenced from ie. GameObjects
Refreshing native plugins compatible for Editor in 67.09 ms, found 15 plugins.
Native extension for iOS target not found
Native extension for Android target not found
Native extension for WindowsStandalone target not found
Refreshing native plugins compatible for Editor in 64.46 ms, found 15 plugins.
Duplicate assembly 'Microsoft.CodeAnalysis.dll' with different versions detected, using 'Assets/Plugins/Roslyn/Microsoft.CodeAnalysis.dll, AssemblyName=Microsoft.CodeAnalysis, Version=4.12.0.0, Culture=neutral, PublicKeyToken=31bf3856ad364e35' and ignoring 'Packages/com.unity.pipeline/Runtime/Plugins/CodeAnalysis/Microsoft.CodeAnalysis.dll, AssemblyName=Microsoft.CodeAnalysis, Version=3.11.0.0, Culture=neutral, PublicKeyToken=31bf3856ad364e35'.Duplicate assembly 'Microsoft.CodeAnalysis.CSharp.dll' with different versions detected, using 'Assets/Plugins/Roslyn/Microsoft.CodeAnalysis.CSharp.dll, AssemblyName=Microsoft.CodeAnalysis.CSharp, Version=4.12.0.0, Culture=neutral, PublicKeyToken=31bf3856ad364e35' and ignoring 'Packages/com.unity.pipeline/Runtime/Plugins/CodeAnalysis/Microsoft.CodeAnalysis.CSharp.dll, AssemblyName=Microsoft.CodeAnalysis.CSharp, Version=3.11.0.0, Culture=neutral, PublicKeyToken=31bf3856ad364e35'.Duplicate assembly 'System.Runtime.CompilerServices.Unsafe.dll' with different versions detected, using 'Assets/Plugins/NuGet/System.Runtime.CompilerServices.Unsafe.dll, AssemblyName=System.Runtime.CompilerServices.Unsafe, Version=6.0.0.0, Culture=neutral, PublicKeyToken=b03f5f7f11d50a3a' and ignoring 'Packages/com.unity.pipeline/Runtime/Plugins/CodeAnalysis/System.Runtime.CompilerServices.Unsafe.dll, AssemblyName=System.Runtime.CompilerServices.Unsafe, Version=4.0.4.0, Culture=neutral, PublicKeyToken=b03f5f7f11d50a3a'.Refreshing native plugins compatible for Editor in 71.22 ms, found 15 plugins.
Packages\com.betta.unity.sdk\Service\Services\ServiceFirebase\com.google.firebase.app\Firebase\Editor\Firebase.Editor.pdb: editor enabled True, build targets [] (current target StandaloneWindows64)
UnityEngine.Debug:ExtractStackTraceNoAlloc (byte*,int,string)
UnityEngine.StackTraceUtility:ExtractStackTrace ()
UnityEngine.DebugLogHandler:Internal_Log (UnityEngine.LogType,UnityEngine.LogOption,string,UnityEngine.Object)
UnityEngine.DebugLogHandler:LogFormat (UnityEngine.LogType,UnityEngine.Object,string,object[])
UnityEngine.Logger:Log (UnityEngine.LogType,object)
UnityEngine.Debug:Log (object)
Google.Logger:Log (string,Google.LogLevel) (at /Users/amaurice/Documents/GitHub/unity-jar-resolver/source/VersionHandlerImpl/src/Logger.cs:124)
Google.VersionHandlerImpl:Log (string,bool,Google.LogLevel) (at /Users/amaurice/Documents/GitHub/unity-jar-resolver/source/VersionHandlerImpl/src/VersionHandlerImpl.cs:2580)
Google.VersionHandlerImpl:UpdateAssetsWithBuildTargets (UnityEditor.BuildTarget) (at /Users/amaurice/Documents/GitHub/unity-jar-resolver/source/VersionHandlerImpl/src/VersionHandlerImpl.cs:2950)
Google.VersionHandlerImpl:UpdateVersionedAssetsOnUpdate () (at /Users/amaurice/Documents/GitHub/unity-jar-resolver/source/VersionHandlerImpl/src/VersionHandlerImpl.cs:2317)
Google.VersionHandlerImpl/<>c:<.cctor>b__29_0 () (at /Users/amaurice/Documents/GitHub/unity-jar-resolver/source/VersionHandlerImpl/src/VersionHandlerImpl.cs:2305)
Google.RunOnMainThread:ExecuteNext () (at /Users/amaurice/Documents/GitHub/unity-jar-resolver/source/VersionHandlerImpl/src/RunOnMainThread.cs:486)
Google.RunOnMainThread/<>c:<ExecuteAllUnnested>b__28_0 () (at /Users/amaurice/Documents/GitHub/unity-jar-resolver/source/VersionHandlerImpl/src/RunOnMainThread.cs:536)
Google.RunOnMainThread:RunAction (System.Action) (at /Users/amaurice/Documents/GitHub/unity-jar-resolver/source/VersionHandlerImpl/src/RunOnMainThread.cs:343)
Google.RunOnMainThread:ExecuteAllUnnested (bool) (at /Users/amaurice/Documents/GitHub/unity-jar-resolver/source/VersionHandlerImpl/src/RunOnMainThread.cs:530)
Google.RunOnMainThread:Run (System.Action,bool) (at /Users/amaurice/Documents/GitHub/unity-jar-resolver/source/VersionHandlerImpl/src/RunOnMainThread.cs:472)
Google.VersionHandlerImpl:.cctor () (at /Users/amaurice/Documents/GitHub/unity-jar-resolver/source/VersionHandlerImpl/src/VersionHandlerImpl.cs:2303)
System.Reflection.RuntimeMethodInfo:Invoke (object,System.Reflection.BindingFlags,System.Reflection.Binder,object[],System.Globalization.CultureInfo)
System.Reflection.MethodBase:Invoke (object,object[])
Google.VersionHandler:InvokeMethod (System.Type,object,string,object[],System.Collections.Generic.Dictionary`2<string, object>) (at /Users/amaurice/Documents/GitHub/unity-jar-resolver/source/VersionHandler/src/VersionHandler.cs:561)
Google.VersionHandler:InvokeStaticMethod (System.Type,string,object[],System.Collections.Generic.Dictionary`2<string, object>) (at /Users/amaurice/Documents/GitHub/unity-jar-resolver/source/VersionHandler/src/VersionHandler.cs:490)
Google.VersionHandler:InvokeImplMethod (string,object[],System.Collections.Generic.Dictionary`2<string, object>,bool) (at /Users/amaurice/Documents/GitHub/unity-jar-resolver/source/VersionHandler/src/VersionHandler.cs:420)
Google.VersionHandler:GetUnityVersionMajorMinor () (at /Users/amaurice/Documents/GitHub/unity-jar-resolver/source/VersionHandler/src/VersionHandler.cs:400)
Google.VersionHandler:.cctor () (at /Users/amaurice/Documents/GitHub/unity-jar-resolver/source/VersionHandler/src/VersionHandler.cs:123)
System.Runtime.CompilerServices.RuntimeHelpers:RunClassConstructor (System.RuntimeTypeHandle)
UnityEditor.EditorAssemblies:ProcessInitializeOnLoadAttributes (System.Type[])

(Filename: /Users/amaurice/Documents/GitHub/unity-jar-resolver/source/VersionHandlerImpl/src/VersionHandlerImpl.cs Line: 2580)

Packages\com.betta.unity.sdk\Service\Services\ServiceFirebase\com.google.firebase.crashlytics\Firebase\Editor\Firebase.Crashlytics.Editor.pdb: editor enabled True, build targets [] (current target StandaloneWindows64)
UnityEngine.Debug:ExtractStackTraceNoAlloc (byte*,int,string)
UnityEngine.StackTraceUtility:ExtractStackTrace ()
UnityEngine.DebugLogHandler:Internal_Log (UnityEngine.LogType,UnityEngine.LogOption,string,UnityEngine.Object)
UnityEngine.DebugLogHandler:LogFormat (UnityEngine.LogType,UnityEngine.Object,string,object[])
UnityEngine.Logger:Log (UnityEngine.LogType,object)
UnityEngine.Debug:Log (object)
Google.Logger:Log (string,Google.LogLevel) (at /Users/amaurice/Documents/GitHub/unity-jar-resolver/source/VersionHandlerImpl/src/Logger.cs:124)
Google.VersionHandlerImpl:Log (string,bool,Google.LogLevel) (at /Users/amaurice/Documents/GitHub/unity-jar-resolver/source/VersionHandlerImpl/src/VersionHandlerImpl.cs:2580)
Google.VersionHandlerImpl:UpdateAssetsWithBuildTargets (UnityEditor.BuildTarget) (at /Users/amaurice/Documents/GitHub/unity-jar-resolver/source/VersionHandlerImpl/src/VersionHandlerImpl.cs:2950)
Google.VersionHandlerImpl:UpdateVersionedAssetsOnUpdate () (at /Users/amaurice/Documents/GitHub/unity-jar-resolver/source/VersionHandlerImpl/src/VersionHandlerImpl.cs:2317)
Google.VersionHandlerImpl/<>c:<.cctor>b__29_0 () (at /Users/amaurice/Documents/GitHub/unity-jar-resolver/source/VersionHandlerImpl/src/VersionHandlerImpl.cs:2305)
Google.RunOnMainThread:ExecuteNext () (at /Users/amaurice/Documents/GitHub/unity-jar-resolver/source/VersionHandlerImpl/src/RunOnMainThread.cs:486)
Google.RunOnMainThread/<>c:<ExecuteAllUnnested>b__28_0 () (at /Users/amaurice/Documents/GitHub/unity-jar-resolver/source/VersionHandlerImpl/src/RunOnMainThread.cs:536)
Google.RunOnMainThread:RunAction (System.Action) (at /Users/amaurice/Documents/GitHub/unity-jar-resolver/source/VersionHandlerImpl/src/RunOnMainThread.cs:343)
Google.RunOnMainThread:ExecuteAllUnnested (bool) (at /Users/amaurice/Documents/GitHub/unity-jar-resolver/source/VersionHandlerImpl/src/RunOnMainThread.cs:530)
Google.RunOnMainThread:Run (System.Action,bool) (at /Users/amaurice/Documents/GitHub/unity-jar-resolver/source/VersionHandlerImpl/src/RunOnMainThread.cs:472)
Google.VersionHandlerImpl:.cctor () (at /Users/amaurice/Documents/GitHub/unity-jar-resolver/source/VersionHandlerImpl/src/VersionHandlerImpl.cs:2303)
System.Reflection.RuntimeMethodInfo:Invoke (object,System.Reflection.BindingFlags,System.Reflection.Binder,object[],System.Globalization.CultureInfo)
System.Reflection.MethodBase:Invoke (object,object[])
Google.VersionHandler:InvokeMethod (System.Type,object,string,object[],System.Collections.Generic.Dictionary`2<string, object>) (at /Users/amaurice/Documents/GitHub/unity-jar-resolver/source/VersionHandler/src/VersionHandler.cs:561)
Google.VersionHandler:InvokeStaticMethod (System.Type,string,object[],System.Collections.Generic.Dictionary`2<string, object>) (at /Users/amaurice/Documents/GitHub/unity-jar-resolver/source/VersionHandler/src/VersionHandler.cs:490)
Google.VersionHandler:InvokeImplMethod (string,object[],System.Collections.Generic.Dictionary`2<string, object>,bool) (at /Users/amaurice/Documents/GitHub/unity-jar-resolver/source/VersionHandler/src/VersionHandler.cs:420)
Google.VersionHandler:GetUnityVersionMajorMinor () (at /Users/amaurice/Documents/GitHub/unity-jar-resolver/source/VersionHandler/src/VersionHandler.cs:400)
Google.VersionHandler:.cctor () (at /Users/amaurice/Documents/GitHub/unity-jar-resolver/source/VersionHandler/src/VersionHandler.cs:123)
System.Runtime.CompilerServices.RuntimeHelpers:RunClassConstructor (System.RuntimeTypeHandle)
UnityEditor.EditorAssemblies:ProcessInitializeOnLoadAttributes (System.Type[])

(Filename: /Users/amaurice/Documents/GitHub/unity-jar-resolver/source/VersionHandlerImpl/src/VersionHandlerImpl.cs Line: 2580)

Packages\com.betta.unity.sdk\Service\Services\ServiceFirebase\com.google.firebase.messaging\Firebase\Editor\Firebase.Messaging.Editor.pdb: editor enabled True, build targets [] (current target StandaloneWindows64)
UnityEngine.Debug:ExtractStackTraceNoAlloc (byte*,int,string)
UnityEngine.StackTraceUtility:ExtractStackTrace ()
UnityEngine.DebugLogHandler:Internal_Log (UnityEngine.LogType,UnityEngine.LogOption,string,UnityEngine.Object)
UnityEngine.DebugLogHandler:LogFormat (UnityEngine.LogType,UnityEngine.Object,string,object[])
UnityEngine.Logger:Log (UnityEngine.LogType,object)
UnityEngine.Debug:Log (object)
Google.Logger:Log (string,Google.LogLevel) (at /Users/amaurice/Documents/GitHub/unity-jar-resolver/source/VersionHandlerImpl/src/Logger.cs:124)
Google.VersionHandlerImpl:Log (string,bool,Google.LogLevel) (at /Users/amaurice/Documents/GitHub/unity-jar-resolver/source/VersionHandlerImpl/src/VersionHandlerImpl.cs:2580)
Google.VersionHandlerImpl:UpdateAssetsWithBuildTargets (UnityEditor.BuildTarget) (at /Users/amaurice/Documents/GitHub/unity-jar-resolver/source/VersionHandlerImpl/src/VersionHandlerImpl.cs:2950)
Google.VersionHandlerImpl:UpdateVersionedAssetsOnUpdate () (at /Users/amaurice/Documents/GitHub/unity-jar-resolver/source/VersionHandlerImpl/src/VersionHandlerImpl.cs:2317)
Google.VersionHandlerImpl/<>c:<.cctor>b__29_0 () (at /Users/amaurice/Documents/GitHub/unity-jar-resolver/source/VersionHandlerImpl/src/VersionHandlerImpl.cs:2305)
Google.RunOnMainThread:ExecuteNext () (at /Users/amaurice/Documents/GitHub/unity-jar-resolver/source/VersionHandlerImpl/src/RunOnMainThread.cs:486)
Google.RunOnMainThread/<>c:<ExecuteAllUnnested>b__28_0 () (at /Users/amaurice/Documents/GitHub/unity-jar-resolver/source/VersionHandlerImpl/src/RunOnMainThread.cs:536)
Google.RunOnMainThread:RunAction (System.Action) (at /Users/amaurice/Documents/GitHub/unity-jar-resolver/source/VersionHandlerImpl/src/RunOnMainThread.cs:343)
Google.RunOnMainThread:ExecuteAllUnnested (bool) (at /Users/amaurice/Documents/GitHub/unity-jar-resolver/source/VersionHandlerImpl/src/RunOnMainThread.cs:530)
Google.RunOnMainThread:Run (System.Action,bool) (at /Users/amaurice/Documents/GitHub/unity-jar-resolver/source/VersionHandlerImpl/src/RunOnMainThread.cs:472)
Google.VersionHandlerImpl:.cctor () (at /Users/amaurice/Documents/GitHub/unity-jar-resolver/source/VersionHandlerImpl/src/VersionHandlerImpl.cs:2303)
System.Reflection.RuntimeMethodInfo:Invoke (object,System.Reflection.BindingFlags,System.Reflection.Binder,object[],System.Globalization.CultureInfo)
System.Reflection.MethodBase:Invoke (object,object[])
Google.VersionHandler:InvokeMethod (System.Type,object,string,object[],System.Collections.Generic.Dictionary`2<string, object>) (at /Users/amaurice/Documents/GitHub/unity-jar-resolver/source/VersionHandler/src/VersionHandler.cs:561)
Google.VersionHandler:InvokeStaticMethod (System.Type,string,object[],System.Collections.Generic.Dictionary`2<string, object>) (at /Users/amaurice/Documents/GitHub/unity-jar-resolver/source/VersionHandler/src/VersionHandler.cs:490)
Google.VersionHandler:InvokeImplMethod (string,object[],System.Collections.Generic.Dictionary`2<string, object>,bool) (at /Users/amaurice/Documents/GitHub/unity-jar-resolver/source/VersionHandler/src/VersionHandler.cs:420)
Google.VersionHandler:GetUnityVersionMajorMinor () (at /Users/amaurice/Documents/GitHub/unity-jar-resolver/source/VersionHandler/src/VersionHandler.cs:400)
Google.VersionHandler:.cctor () (at /Users/amaurice/Documents/GitHub/unity-jar-resolver/source/VersionHandler/src/VersionHandler.cs:123)
System.Runtime.CompilerServices.RuntimeHelpers:RunClassConstructor (System.RuntimeTypeHandle)
UnityEditor.EditorAssemblies:ProcessInitializeOnLoadAttributes (System.Type[])

(Filename: /Users/amaurice/Documents/GitHub/unity-jar-resolver/source/VersionHandlerImpl/src/VersionHandlerImpl.cs Line: 2580)

Packages\com.betta.unity.sdk\Service\Services\ServiceFirebase\com.google.firebase.app\Firebase\Editor\Firebase.Editor.pdb: editor enabled True, build targets [] (current target StandaloneWindows64)
UnityEngine.Debug:ExtractStackTraceNoAlloc (byte*,int,string)
UnityEngine.StackTraceUtility:ExtractStackTrace ()
UnityEngine.DebugLogHandler:Internal_Log (UnityEngine.LogType,UnityEngine.LogOption,string,UnityEngine.Object)
UnityEngine.DebugLogHandler:LogFormat (UnityEngine.LogType,UnityEngine.Object,string,object[])
UnityEngine.Logger:Log (UnityEngine.LogType,object)
UnityEngine.Debug:Log (object)
Google.Logger:Log (string,Google.LogLevel) (at /Users/amaurice/Documents/GitHub/unity-jar-resolver/source/VersionHandlerImpl/src/Logger.cs:124)
Google.VersionHandlerImpl:Log (string,bool,Google.LogLevel) (at /Users/amaurice/Documents/GitHub/unity-jar-resolver/source/VersionHandlerImpl/src/VersionHandlerImpl.cs:2580)
Google.VersionHandlerImpl:UpdateAssetsWithBuildTargets (UnityEditor.BuildTarget) (at /Users/amaurice/Documents/GitHub/unity-jar-resolver/source/VersionHandlerImpl/src/VersionHandlerImpl.cs:2950)
Google.VersionHandlerImpl:UpdateVersionedAssetsOnMainThread (bool,System.Action,bool) (at /Users/amaurice/Documents/GitHub/unity-jar-resolver/source/VersionHandlerImpl/src/VersionHandlerImpl.cs:2823)
Google.VersionHandlerImpl/<>c__DisplayClass82_0:<UpdateVersionedAssets>b__0 () (at /Users/amaurice/Documents/GitHub/unity-jar-resolver/source/VersionHandlerImpl/src/VersionHandlerImpl.cs:2800)
Google.RunOnMainThread:ExecuteNext () (at /Users/amaurice/Documents/GitHub/unity-jar-resolver/source/VersionHandlerImpl/src/RunOnMainThread.cs:486)
Google.RunOnMainThread/<>c:<ExecuteAllUnnested>b__28_0 () (at /Users/amaurice/Documents/GitHub/unity-jar-resolver/source/VersionHandlerImpl/src/RunOnMainThread.cs:536)
Google.RunOnMainThread:RunAction (System.Action) (at /Users/amaurice/Documents/GitHub/unity-jar-resolver/source/VersionHandlerImpl/src/RunOnMainThread.cs:343)
Google.RunOnMainThread:ExecuteAllUnnested (bool) (at /Users/amaurice/Documents/GitHub/unity-jar-resolver/source/VersionHandlerImpl/src/RunOnMainThread.cs:530)
Google.RunOnMainThread:Run (System.Action,bool) (at /Users/amaurice/Documents/GitHub/unity-jar-resolver/source/VersionHandlerImpl/src/RunOnMainThread.cs:472)
Google.VersionHandlerImpl:.cctor () (at /Users/amaurice/Documents/GitHub/unity-jar-resolver/source/VersionHandlerImpl/src/VersionHandlerImpl.cs:2303)
System.Reflection.RuntimeMethodInfo:Invoke (object,System.Reflection.BindingFlags,System.Reflection.Binder,object[],System.Globalization.CultureInfo)
System.Reflection.MethodBase:Invoke (object,object[])
Google.VersionHandler:InvokeMethod (System.Type,object,string,object[],System.Collections.Generic.Dictionary`2<string, object>) (at /Users/amaurice/Documents/GitHub/unity-jar-resolver/source/VersionHandler/src/VersionHandler.cs:561)
Google.VersionHandler:InvokeStaticMethod (System.Type,string,object[],System.Collections.Generic.Dictionary`2<string, object>) (at /Users/amaurice/Documents/GitHub/unity-jar-resolver/source/VersionHandler/src/VersionHandler.cs:490)
Google.VersionHandler:InvokeImplMethod (string,object[],System.Collections.Generic.Dictionary`2<string, object>,bool) (at /Users/amaurice/Documents/GitHub/unity-jar-resolver/source/VersionHandler/src/VersionHandler.cs:420)
Google.VersionHandler:GetUnityVersionMajorMinor () (at /Users/amaurice/Documents/GitHub/unity-jar-resolver/source/VersionHandler/src/VersionHandler.cs:400)
Google.VersionHandler:.cctor () (at /Users/amaurice/Documents/GitHub/unity-jar-resolver/source/VersionHandler/src/VersionHandler.cs:123)
System.Runtime.CompilerServices.RuntimeHelpers:RunClassConstructor (System.RuntimeTypeHandle)
UnityEditor.EditorAssemblies:ProcessInitializeOnLoadAttributes (System.Type[])

(Filename: /Users/amaurice/Documents/GitHub/unity-jar-resolver/source/VersionHandlerImpl/src/VersionHandlerImpl.cs Line: 2580)

Packages\com.betta.unity.sdk\Service\Services\ServiceFirebase\com.google.firebase.crashlytics\Firebase\Editor\Firebase.Crashlytics.Editor.pdb: editor enabled True, build targets [] (current target StandaloneWindows64)
UnityEngine.Debug:ExtractStackTraceNoAlloc (byte*,int,string)
UnityEngine.StackTraceUtility:ExtractStackTrace ()
UnityEngine.DebugLogHandler:Internal_Log (UnityEngine.LogType,UnityEngine.LogOption,string,UnityEngine.Object)
UnityEngine.DebugLogHandler:LogFormat (UnityEngine.LogType,UnityEngine.Object,string,object[])
UnityEngine.Logger:Log (UnityEngine.LogType,object)
UnityEngine.Debug:Log (object)
Google.Logger:Log (string,Google.LogLevel) (at /Users/amaurice/Documents/GitHub/unity-jar-resolver/source/VersionHandlerImpl/src/Logger.cs:124)
Google.VersionHandlerImpl:Log (string,bool,Google.LogLevel) (at /Users/amaurice/Documents/GitHub/unity-jar-resolver/source/VersionHandlerImpl/src/VersionHandlerImpl.cs:2580)
Google.VersionHandlerImpl:UpdateAssetsWithBuildTargets (UnityEditor.BuildTarget) (at /Users/amaurice/Documents/GitHub/unity-jar-resolver/source/VersionHandlerImpl/src/VersionHandlerImpl.cs:2950)
Google.VersionHandlerImpl:UpdateVersionedAssetsOnMainThread (bool,System.Action,bool) (at /Users/amaurice/Documents/GitHub/unity-jar-resolver/source/VersionHandlerImpl/src/VersionHandlerImpl.cs:2823)
Google.VersionHandlerImpl/<>c__DisplayClass82_0:<UpdateVersionedAssets>b__0 () (at /Users/amaurice/Documents/GitHub/unity-jar-resolver/source/VersionHandlerImpl/src/VersionHandlerImpl.cs:2800)
Google.RunOnMainThread:ExecuteNext () (at /Users/amaurice/Documents/GitHub/unity-jar-resolver/source/VersionHandlerImpl/src/RunOnMainThread.cs:486)
Google.RunOnMainThread/<>c:<ExecuteAllUnnested>b__28_0 () (at /Users/amaurice/Documents/GitHub/unity-jar-resolver/source/VersionHandlerImpl/src/RunOnMainThread.cs:536)
Google.RunOnMainThread:RunAction (System.Action) (at /Users/amaurice/Documents/GitHub/unity-jar-resolver/source/VersionHandlerImpl/src/RunOnMainThread.cs:343)
Google.RunOnMainThread:ExecuteAllUnnested (bool) (at /Users/amaurice/Documents/GitHub/unity-jar-resolver/source/VersionHandlerImpl/src/RunOnMainThread.cs:530)
Google.RunOnMainThread:Run (System.Action,bool) (at /Users/amaurice/Documents/GitHub/unity-jar-resolver/source/VersionHandlerImpl/src/RunOnMainThread.cs:472)
Google.VersionHandlerImpl:.cctor () (at /Users/amaurice/Documents/GitHub/unity-jar-resolver/source/VersionHandlerImpl/src/VersionHandlerImpl.cs:2303)
System.Reflection.RuntimeMethodInfo:Invoke (object,System.Reflection.BindingFlags,System.Reflection.Binder,object[],System.Globalization.CultureInfo)
System.Reflection.MethodBase:Invoke (object,object[])
Google.VersionHandler:InvokeMethod (System.Type,object,string,object[],System.Collections.Generic.Dictionary`2<string, object>) (at /Users/amaurice/Documents/GitHub/unity-jar-resolver/source/VersionHandler/src/VersionHandler.cs:561)
Google.VersionHandler:InvokeStaticMethod (System.Type,string,object[],System.Collections.Generic.Dictionary`2<string, object>) (at /Users/amaurice/Documents/GitHub/unity-jar-resolver/source/VersionHandler/src/VersionHandler.cs:490)
Google.VersionHandler:InvokeImplMethod (string,object[],System.Collections.Generic.Dictionary`2<string, object>,bool) (at /Users/amaurice/Documents/GitHub/unity-jar-resolver/source/VersionHandler/src/VersionHandler.cs:420)
Google.VersionHandler:GetUnityVersionMajorMinor () (at /Users/amaurice/Documents/GitHub/unity-jar-resolver/source/VersionHandler/src/VersionHandler.cs:400)
Google.VersionHandler:.cctor () (at /Users/amaurice/Documents/GitHub/unity-jar-resolver/source/VersionHandler/src/VersionHandler.cs:123)
System.Runtime.CompilerServices.RuntimeHelpers:RunClassConstructor (System.RuntimeTypeHandle)
UnityEditor.EditorAssemblies:ProcessInitializeOnLoadAttributes (System.Type[])

(Filename: /Users/amaurice/Documents/GitHub/unity-jar-resolver/source/VersionHandlerImpl/src/VersionHandlerImpl.cs Line: 2580)

Packages\com.betta.unity.sdk\Service\Services\ServiceFirebase\com.google.firebase.messaging\Firebase\Editor\Firebase.Messaging.Editor.pdb: editor enabled True, build targets [] (current target StandaloneWindows64)
UnityEngine.Debug:ExtractStackTraceNoAlloc (byte*,int,string)
UnityEngine.StackTraceUtility:ExtractStackTrace ()
UnityEngine.DebugLogHandler:Internal_Log (UnityEngine.LogType,UnityEngine.LogOption,string,UnityEngine.Object)
UnityEngine.DebugLogHandler:LogFormat (UnityEngine.LogType,UnityEngine.Object,string,object[])
UnityEngine.Logger:Log (UnityEngine.LogType,object)
UnityEngine.Debug:Log (object)
Google.Logger:Log (string,Google.LogLevel) (at /Users/amaurice/Documents/GitHub/unity-jar-resolver/source/VersionHandlerImpl/src/Logger.cs:124)
Google.VersionHandlerImpl:Log (string,bool,Google.LogLevel) (at /Users/amaurice/Documents/GitHub/unity-jar-resolver/source/VersionHandlerImpl/src/VersionHandlerImpl.cs:2580)
Google.VersionHandlerImpl:UpdateAssetsWithBuildTargets (UnityEditor.BuildTarget) (at /Users/amaurice/Documents/GitHub/unity-jar-resolver/source/VersionHandlerImpl/src/VersionHandlerImpl.cs:2950)
Google.VersionHandlerImpl:UpdateVersionedAssetsOnMainThread (bool,System.Action,bool) (at /Users/amaurice/Documents/GitHub/unity-jar-resolver/source/VersionHandlerImpl/src/VersionHandlerImpl.cs:2823)
Google.VersionHandlerImpl/<>c__DisplayClass82_0:<UpdateVersionedAssets>b__0 () (at /Users/amaurice/Documents/GitHub/unity-jar-resolver/source/VersionHandlerImpl/src/VersionHandlerImpl.cs:2800)
Google.RunOnMainThread:ExecuteNext () (at /Users/amaurice/Documents/GitHub/unity-jar-resolver/source/VersionHandlerImpl/src/RunOnMainThread.cs:486)
Google.RunOnMainThread/<>c:<ExecuteAllUnnested>b__28_0 () (at /Users/amaurice/Documents/GitHub/unity-jar-resolver/source/VersionHandlerImpl/src/RunOnMainThread.cs:536)
Google.RunOnMainThread:RunAction (System.Action) (at /Users/amaurice/Documents/GitHub/unity-jar-resolver/source/VersionHandlerImpl/src/RunOnMainThread.cs:343)
Google.RunOnMainThread:ExecuteAllUnnested (bool) (at /Users/amaurice/Documents/GitHub/unity-jar-resolver/source/VersionHandlerImpl/src/RunOnMainThread.cs:530)
Google.RunOnMainThread:Run (System.Action,bool) (at /Users/amaurice/Documents/GitHub/unity-jar-resolver/source/VersionHandlerImpl/src/RunOnMainThread.cs:472)
Google.VersionHandlerImpl:.cctor () (at /Users/amaurice/Documents/GitHub/unity-jar-resolver/source/VersionHandlerImpl/src/VersionHandlerImpl.cs:2303)
System.Reflection.RuntimeMethodInfo:Invoke (object,System.Reflection.BindingFlags,System.Reflection.Binder,object[],System.Globalization.CultureInfo)
System.Reflection.MethodBase:Invoke (object,object[])
Google.VersionHandler:InvokeMethod (System.Type,object,string,object[],System.Collections.Generic.Dictionary`2<string, object>) (at /Users/amaurice/Documents/GitHub/unity-jar-resolver/source/VersionHandler/src/VersionHandler.cs:561)
Google.VersionHandler:InvokeStaticMethod (System.Type,string,object[],System.Collections.Generic.Dictionary`2<string, object>) (at /Users/amaurice/Documents/GitHub/unity-jar-resolver/source/VersionHandler/src/VersionHandler.cs:490)
Google.VersionHandler:InvokeImplMethod (string,object[],System.Collections.Generic.Dictionary`2<string, object>,bool) (at /Users/amaurice/Documents/GitHub/unity-jar-resolver/source/VersionHandler/src/VersionHandler.cs:420)
Google.VersionHandler:GetUnityVersionMajorMinor () (at /Users/amaurice/Documents/GitHub/unity-jar-resolver/source/VersionHandler/src/VersionHandler.cs:400)
Google.VersionHandler:.cctor () (at /Users/amaurice/Documents/GitHub/unity-jar-resolver/source/VersionHandler/src/VersionHandler.cs:123)
System.Runtime.CompilerServices.RuntimeHelpers:RunClassConstructor (System.RuntimeTypeHandle)
UnityEditor.EditorAssemblies:ProcessInitializeOnLoadAttributes (System.Type[])

(Filename: /Users/amaurice/Documents/GitHub/unity-jar-resolver/source/VersionHandlerImpl/src/VersionHandlerImpl.cs Line: 2580)

Detected .NET version 4.5
UnityEngine.Debug:ExtractStackTraceNoAlloc (byte*,int,string)
UnityEngine.StackTraceUtility:ExtractStackTrace ()
UnityEngine.DebugLogHandler:Internal_Log (UnityEngine.LogType,UnityEngine.LogOption,string,UnityEngine.Object)
UnityEngine.DebugLogHandler:LogFormat (UnityEngine.LogType,UnityEngine.Object,string,object[])
UnityEngine.Logger:Log (UnityEngine.LogType,object)
UnityEngine.Debug:Log (object)
Google.Logger:Log (string,Google.LogLevel) (at /Users/amaurice/Documents/GitHub/unity-jar-resolver/source/VersionHandlerImpl/src/Logger.cs:124)
Google.VersionHandlerImpl:Log (string,bool,Google.LogLevel) (at /Users/amaurice/Documents/GitHub/unity-jar-resolver/source/VersionHandlerImpl/src/VersionHandlerImpl.cs:2580)
Google.VersionHandlerImpl/DotNetVersionUpdater:.cctor () (at /Users/amaurice/Documents/GitHub/unity-jar-resolver/source/VersionHandlerImpl/src/VersionHandlerImpl.cs:3060)
System.Runtime.CompilerServices.RuntimeHelpers:RunClassConstructor (System.RuntimeTypeHandle)
UnityEditor.EditorAssemblies:ProcessInitializeOnLoadAttributes (System.Type[])

(Filename: /Users/amaurice/Documents/GitHub/unity-jar-resolver/source/VersionHandlerImpl/src/VersionHandlerImpl.cs Line: 2580)

Packages\com.betta.unity.sdk\Service\Services\ServiceFirebase\com.google.firebase.app\Firebase\Editor\Firebase.Editor.pdb: editor enabled True, build targets [] (current target StandaloneWindows64)
UnityEngine.Debug:ExtractStackTraceNoAlloc (byte*,int,string)
UnityEngine.StackTraceUtility:ExtractStackTrace ()
UnityEngine.DebugLogHandler:Internal_Log (UnityEngine.LogType,UnityEngine.LogOption,string,UnityEngine.Object)
UnityEngine.DebugLogHandler:LogFormat (UnityEngine.LogType,UnityEngine.Object,string,object[])
UnityEngine.Logger:Log (UnityEngine.LogType,object)
UnityEngine.Debug:Log (object)
Google.Logger:Log (string,Google.LogLevel) (at /Users/amaurice/Documents/GitHub/unity-jar-resolver/source/VersionHandlerImpl/src/Logger.cs:124)
Google.VersionHandlerImpl:Log (string,bool,Google.LogLevel) (at /Users/amaurice/Documents/GitHub/unity-jar-resolver/source/VersionHandlerImpl/src/VersionHandlerImpl.cs:2580)
Google.VersionHandlerImpl:UpdateAssetsWithBuildTargets (UnityEditor.BuildTarget) (at /Users/amaurice/Documents/GitHub/unity-jar-resolver/source/VersionHandlerImpl/src/VersionHandlerImpl.cs:2950)
Google.VersionHandlerImpl/BuildTargetChecker:HandleBuildTargetChanged (UnityEditor.BuildTarget) (at /Users/amaurice/Documents/GitHub/unity-jar-resolver/source/VersionHandlerImpl/src/VersionHandlerImpl.cs:3123)
Google.VersionHandlerImpl/BuildTargetChecker:CheckBuildTarget () (at /Users/amaurice/Documents/GitHub/unity-jar-resolver/source/VersionHandlerImpl/src/VersionHandlerImpl.cs:3106)
Google.VersionHandlerImpl/BuildTargetChecker:HandleSettingsChanged () (at /Users/amaurice/Documents/GitHub/unity-jar-resolver/source/VersionHandlerImpl/src/VersionHandlerImpl.cs:3100)
Google.RunOnMainThread:ExecuteNext () (at /Users/amaurice/Documents/GitHub/unity-jar-resolver/source/VersionHandlerImpl/src/RunOnMainThread.cs:486)
Google.RunOnMainThread/<>c:<ExecuteAllUnnested>b__28_0 () (at /Users/amaurice/Documents/GitHub/unity-jar-resolver/source/VersionHandlerImpl/src/RunOnMainThread.cs:536)
Google.RunOnMainThread:RunAction (System.Action) (at /Users/amaurice/Documents/GitHub/unity-jar-resolver/source/VersionHandlerImpl/src/RunOnMainThread.cs:343)
Google.RunOnMainThread:ExecuteAllUnnested (bool) (at /Users/amaurice/Documents/GitHub/unity-jar-resolver/source/VersionHandlerImpl/src/RunOnMainThread.cs:530)
Google.RunOnMainThread:Run (System.Action,bool) (at /Users/amaurice/Documents/GitHub/unity-jar-resolver/source/VersionHandlerImpl/src/RunOnMainThread.cs:472)
Google.VersionHandlerImpl/BuildTargetChecker:.cctor () (at /Users/amaurice/Documents/GitHub/unity-jar-resolver/source/VersionHandlerImpl/src/VersionHandlerImpl.cs:3096)
System.Runtime.CompilerServices.RuntimeHelpers:RunClassConstructor (System.RuntimeTypeHandle)
UnityEditor.EditorAssemblies:ProcessInitializeOnLoadAttributes (System.Type[])

(Filename: /Users/amaurice/Documents/GitHub/unity-jar-resolver/source/VersionHandlerImpl/src/VersionHandlerImpl.cs Line: 2580)

Packages\com.betta.unity.sdk\Service\Services\ServiceFirebase\com.google.firebase.crashlytics\Firebase\Editor\Firebase.Crashlytics.Editor.pdb: editor enabled True, build targets [] (current target StandaloneWindows64)
UnityEngine.Debug:ExtractStackTraceNoAlloc (byte*,int,string)
UnityEngine.StackTraceUtility:ExtractStackTrace ()
UnityEngine.DebugLogHandler:Internal_Log (UnityEngine.LogType,UnityEngine.LogOption,string,UnityEngine.Object)
UnityEngine.DebugLogHandler:LogFormat (UnityEngine.LogType,UnityEngine.Object,string,object[])
UnityEngine.Logger:Log (UnityEngine.LogType,object)
UnityEngine.Debug:Log (object)
Google.Logger:Log (string,Google.LogLevel) (at /Users/amaurice/Documents/GitHub/unity-jar-resolver/source/VersionHandlerImpl/src/Logger.cs:124)
Google.VersionHandlerImpl:Log (string,bool,Google.LogLevel) (at /Users/amaurice/Documents/GitHub/unity-jar-resolver/source/VersionHandlerImpl/src/VersionHandlerImpl.cs:2580)
Google.VersionHandlerImpl:UpdateAssetsWithBuildTargets (UnityEditor.BuildTarget) (at /Users/amaurice/Documents/GitHub/unity-jar-resolver/source/VersionHandlerImpl/src/VersionHandlerImpl.cs:2950)
Google.VersionHandlerImpl/BuildTargetChecker:HandleBuildTargetChanged (UnityEditor.BuildTarget) (at /Users/amaurice/Documents/GitHub/unity-jar-resolver/source/VersionHandlerImpl/src/VersionHandlerImpl.cs:3123)
Google.VersionHandlerImpl/BuildTargetChecker:CheckBuildTarget () (at /Users/amaurice/Documents/GitHub/unity-jar-resolver/source/VersionHandlerImpl/src/VersionHandlerImpl.cs:3106)
Google.VersionHandlerImpl/BuildTargetChecker:HandleSettingsChanged () (at /Users/amaurice/Documents/GitHub/unity-jar-resolver/source/VersionHandlerImpl/src/VersionHandlerImpl.cs:3100)
Google.RunOnMainThread:ExecuteNext () (at /Users/amaurice/Documents/GitHub/unity-jar-resolver/source/VersionHandlerImpl/src/RunOnMainThread.cs:486)
Google.RunOnMainThread/<>c:<ExecuteAllUnnested>b__28_0 () (at /Users/amaurice/Documents/GitHub/unity-jar-resolver/source/VersionHandlerImpl/src/RunOnMainThread.cs:536)
Google.RunOnMainThread:RunAction (System.Action) (at /Users/amaurice/Documents/GitHub/unity-jar-resolver/source/VersionHandlerImpl/src/RunOnMainThread.cs:343)
Google.RunOnMainThread:ExecuteAllUnnested (bool) (at /Users/amaurice/Documents/GitHub/unity-jar-resolver/source/VersionHandlerImpl/src/RunOnMainThread.cs:530)
Google.RunOnMainThread:Run (System.Action,bool) (at /Users/amaurice/Documents/GitHub/unity-jar-resolver/source/VersionHandlerImpl/src/RunOnMainThread.cs:472)
Google.VersionHandlerImpl/BuildTargetChecker:.cctor () (at /Users/amaurice/Documents/GitHub/unity-jar-resolver/source/VersionHandlerImpl/src/VersionHandlerImpl.cs:3096)
System.Runtime.CompilerServices.RuntimeHelpers:RunClassConstructor (System.RuntimeTypeHandle)
UnityEditor.EditorAssemblies:ProcessInitializeOnLoadAttributes (System.Type[])

(Filename: /Users/amaurice/Documents/GitHub/unity-jar-resolver/source/VersionHandlerImpl/src/VersionHandlerImpl.cs Line: 2580)

Packages\com.betta.unity.sdk\Service\Services\ServiceFirebase\com.google.firebase.messaging\Firebase\Editor\Firebase.Messaging.Editor.pdb: editor enabled True, build targets [] (current target StandaloneWindows64)
UnityEngine.Debug:ExtractStackTraceNoAlloc (byte*,int,string)
UnityEngine.StackTraceUtility:ExtractStackTrace ()
UnityEngine.DebugLogHandler:Internal_Log (UnityEngine.LogType,UnityEngine.LogOption,string,UnityEngine.Object)
UnityEngine.DebugLogHandler:LogFormat (UnityEngine.LogType,UnityEngine.Object,string,object[])
UnityEngine.Logger:Log (UnityEngine.LogType,object)
UnityEngine.Debug:Log (object)
Google.Logger:Log (string,Google.LogLevel) (at /Users/amaurice/Documents/GitHub/unity-jar-resolver/source/VersionHandlerImpl/src/Logger.cs:124)
Google.VersionHandlerImpl:Log (string,bool,Google.LogLevel) (at /Users/amaurice/Documents/GitHub/unity-jar-resolver/source/VersionHandlerImpl/src/VersionHandlerImpl.cs:2580)
Google.VersionHandlerImpl:UpdateAssetsWithBuildTargets (UnityEditor.BuildTarget) (at /Users/amaurice/Documents/GitHub/unity-jar-resolver/source/VersionHandlerImpl/src/VersionHandlerImpl.cs:2950)
Google.VersionHandlerImpl/BuildTargetChecker:HandleBuildTargetChanged (UnityEditor.BuildTarget) (at /Users/amaurice/Documents/GitHub/unity-jar-resolver/source/VersionHandlerImpl/src/VersionHandlerImpl.cs:3123)
Google.VersionHandlerImpl/BuildTargetChecker:CheckBuildTarget () (at /Users/amaurice/Documents/GitHub/unity-jar-resolver/source/VersionHandlerImpl/src/VersionHandlerImpl.cs:3106)
Google.VersionHandlerImpl/BuildTargetChecker:HandleSettingsChanged () (at /Users/amaurice/Documents/GitHub/unity-jar-resolver/source/VersionHandlerImpl/src/VersionHandlerImpl.cs:3100)
Google.RunOnMainThread:ExecuteNext () (at /Users/amaurice/Documents/GitHub/unity-jar-resolver/source/VersionHandlerImpl/src/RunOnMainThread.cs:486)
Google.RunOnMainThread/<>c:<ExecuteAllUnnested>b__28_0 () (at /Users/amaurice/Documents/GitHub/unity-jar-resolver/source/VersionHandlerImpl/src/RunOnMainThread.cs:536)
Google.RunOnMainThread:RunAction (System.Action) (at /Users/amaurice/Documents/GitHub/unity-jar-resolver/source/VersionHandlerImpl/src/RunOnMainThread.cs:343)
Google.RunOnMainThread:ExecuteAllUnnested (bool) (at /Users/amaurice/Documents/GitHub/unity-jar-resolver/source/VersionHandlerImpl/src/RunOnMainThread.cs:530)
Google.RunOnMainThread:Run (System.Action,bool) (at /Users/amaurice/Documents/GitHub/unity-jar-resolver/source/VersionHandlerImpl/src/RunOnMainThread.cs:472)
Google.VersionHandlerImpl/BuildTargetChecker:.cctor () (at /Users/amaurice/Documents/GitHub/unity-jar-resolver/source/VersionHandlerImpl/src/VersionHandlerImpl.cs:3096)
System.Runtime.CompilerServices.RuntimeHelpers:RunClassConstructor (System.RuntimeTypeHandle)
UnityEditor.EditorAssemblies:ProcessInitializeOnLoadAttributes (System.Type[])

(Filename: /Users/amaurice/Documents/GitHub/unity-jar-resolver/source/VersionHandlerImpl/src/VersionHandlerImpl.cs Line: 2580)

Start HTTP server: port:7801
﻿﻿﻿﻿﻿﻿﻿﻿Manifest aliases:
name: Google Analytics --> aliases: [Google Analytics]
name: FirebaseAnalytics --> aliases: [Google Analytics]
name: Firebase Crashlytics --> aliases: [Firebase Crashlytics]
name: FirebaseCrashlytics --> aliases: [Firebase Crashlytics]
name: Firebase Cloud Messaging --> aliases: [Firebase Cloud Messaging]
name: FirebaseMessaging --> aliases: [Firebase Cloud Messaging]
name: External Dependency Manager --> aliases: [External Dependency Manager]
name: play-services-resolver --> aliases: [External Dependency Manager]
name: google-signin-plugin --> aliases: []
name: GooglePlayGamesPlugin --> aliases: []
UnityEngine.Debug:ExtractStackTraceNoAlloc (byte*,int,string)
UnityEngine.StackTraceUtility:ExtractStackTrace ()
UnityEngine.DebugLogHandler:Internal_Log (UnityEngine.LogType,UnityEngine.LogOption,string,UnityEngine.Object)
UnityEngine.DebugLogHandler:LogFormat (UnityEngine.LogType,UnityEngine.Object,string,object[])
UnityEngine.Logger:Log (UnityEngine.LogType,object)
UnityEngine.Debug:Log (object)
Google.Logger:Log (string,Google.LogLevel) (at /Users/amaurice/Documents/GitHub/unity-jar-resolver/source/VersionHandlerImpl/src/Logger.cs:124)
Google.VersionHandlerImpl:Log (string,bool,Google.LogLevel) (at /Users/amaurice/Documents/GitHub/unity-jar-resolver/source/VersionHandlerImpl/src/VersionHandlerImpl.cs:2580)
Google.VersionHandlerImpl/FileMetadataSet:GetManifestAliasesByName () (at /Users/amaurice/Documents/GitHub/unity-jar-resolver/source/VersionHandlerImpl/src/VersionHandlerImpl.cs:1466)
Google.VersionHandlerImpl/FileMetadataSet:ConsolidateManifests () (at /Users/amaurice/Documents/GitHub/unity-jar-resolver/source/VersionHandlerImpl/src/VersionHandlerImpl.cs:1478)
Google.VersionHandlerImpl/ManifestReferences:FindAndReadManifestsByPackageName (Google.VersionHandlerImpl/FileMetadataSet) (at /Users/amaurice/Documents/GitHub/unity-jar-resolver/source/VersionHandlerImpl/src/VersionHandlerImpl.cs:1906)
Google.VersionHandlerImpl/ManifestReferences:FindAndReadManifests () (at /Users/amaurice/Documents/GitHub/unity-jar-resolver/source/VersionHandlerImpl/src/VersionHandlerImpl.cs:1953)
Firebase.Editor.Measurement:get_BaseQuery () (at /Users/runner/work/firebase-unity-sdk/firebase-unity-sdk/editor/app/src/Measurement.cs:55)
Firebase.Editor.Measurement:.cctor () (at /Users/runner/work/firebase-unity-sdk/firebase-unity-sdk/editor/app/src/Measurement.cs:38)
Firebase.Editor.GenerateXmlFromGoogleServicesJson:RunResourceGenerator (System.Collections.Generic.IEnumerable`1<string>,string,bool) (at /Users/runner/work/firebase-unity-sdk/firebase-unity-sdk/editor/app/src/GenerateXmlFromGoogleServicesJson.cs:535)
Firebase.Editor.GenerateXmlFromGoogleServicesJson:ReadBundleIds (string) (at /Users/runner/work/firebase-unity-sdk/firebase-unity-sdk/editor/app/src/GenerateXmlFromGoogleServicesJson.cs:409)
Firebase.Editor.GenerateXmlFromGoogleServicesJson:UpdateConfigFileDirectory () (at /Users/runner/work/firebase-unity-sdk/firebase-unity-sdk/editor/app/src/GenerateXmlFromGoogleServicesJson.cs:297)
Firebase.Editor.GenerateXmlFromGoogleServicesJson:CheckConfiguration () (at /Users/runner/work/firebase-unity-sdk/firebase-unity-sdk/editor/app/src/GenerateXmlFromGoogleServicesJson.cs:248)
Firebase.Editor.GenerateXmlFromGoogleServicesJson/<>c:<.cctor>b__15_1 () (at /Users/runner/work/firebase-unity-sdk/firebase-unity-sdk/editor/app/src/GenerateXmlFromGoogleServicesJson.cs:103)
Google.EditorInitializer/<>c__DisplayClass0_0:<InitializeOnMainThread>b__0 () (at /Users/amaurice/Documents/GitHub/unity-jar-resolver/source/VersionHandlerImpl/src/EditorInitializer.cs:60)
Google.RunOnMainThread:ExecutePollingJobs () (at /Users/amaurice/Documents/GitHub/unity-jar-resolver/source/VersionHandlerImpl/src/RunOnMainThread.cs:409)
Google.RunOnMainThread/<>c:<ExecuteAllUnnested>b__28_0 () (at /Users/amaurice/Documents/GitHub/unity-jar-resolver/source/VersionHandlerImpl/src/RunOnMainThread.cs:541)
Google.RunOnMainThread:RunAction (System.Action) (at /Users/amaurice/Documents/GitHub/unity-jar-resolver/source/VersionHandlerImpl/src/RunOnMainThread.cs:343)
Google.RunOnMainThread:ExecuteAllUnnested (bool) (at /Users/amaurice/Documents/GitHub/unity-jar-resolver/source/VersionHandlerImpl/src/RunOnMainThread.cs:530)
Google.RunOnMainThread/<>c:<PollOnUpdateUntilComplete>b__20_0 () (at /Users/amaurice/Documents/GitHub/unity-jar-resolver/source/VersionHandlerImpl/src/RunOnMainThread.cs:365)
Google.RunOnMainThread:RunAction (System.Action) (at /Users/amaurice/Documents/GitHub/unity-jar-resolver/source/VersionHandlerImpl/src/RunOnMainThread.cs:343)
Google.RunOnMainThread:PollOnUpdateUntilComplete (System.Func`1<bool>,bool) (at /Users/amaurice/Documents/GitHub/unity-jar-resolver/source/VersionHandlerImpl/src/RunOnMainThread.cs:363)
Google.EditorInitializer:InitializeOnMainThread (System.Func`1<bool>,System.Func`1<bool>,string,Google.Logger) (at /Users/amaurice/Documents/GitHub/unity-jar-resolver/source/VersionHandlerImpl/src/EditorInitializer.cs:48)
Firebase.Editor.GenerateXmlFromGoogleServicesJson:.cctor () (at /Users/runner/work/firebase-unity-sdk/firebase-unity-sdk/editor/app/src/GenerateXmlFromGoogleServicesJson.cs:98)
System.Runtime.CompilerServices.RuntimeHelpers:RunClassConstructor (System.RuntimeTypeHandle)
UnityEditor.EditorAssemblies:ProcessInitializeOnLoadAttributes (System.Type[])

(Filename: /Users/amaurice/Documents/GitHub/unity-jar-resolver/source/VersionHandlerImpl/src/VersionHandlerImpl.cs Line: 2580)

Flattened manifest aliases:
name: Google Analytics --> alias: Google Analytics
name: FirebaseAnalytics --> alias: Google Analytics
name: Firebase Crashlytics --> alias: Firebase Crashlytics
name: FirebaseCrashlytics --> alias: Firebase Crashlytics
name: Firebase Cloud Messaging --> alias: Firebase Cloud Messaging
name: FirebaseMessaging --> alias: Firebase Cloud Messaging
name: External Dependency Manager --> alias: External Dependency Manager
name: play-services-resolver --> alias: External Dependency Manager
name: google-signin-plugin --> alias: google-signin-plugin
name: GooglePlayGamesPlugin --> alias: GooglePlayGamesPlugin
UnityEngine.Debug:ExtractStackTraceNoAlloc (byte*,int,string)
UnityEngine.StackTraceUtility:ExtractStackTrace ()
UnityEngine.DebugLogHandler:Internal_Log (UnityEngine.LogType,UnityEngine.LogOption,string,UnityEngine.Object)
UnityEngine.DebugLogHandler:LogFormat (UnityEngine.LogType,UnityEngine.Object,string,object[])
UnityEngine.Logger:Log (UnityEngine.LogType,object)
UnityEngine.Debug:Log (object)
Google.Logger:Log (string,Google.LogLevel) (at /Users/amaurice/Documents/GitHub/unity-jar-resolver/source/VersionHandlerImpl/src/Logger.cs:124)
Google.VersionHandlerImpl:Log (string,bool,Google.LogLevel) (at /Users/amaurice/Documents/GitHub/unity-jar-resolver/source/VersionHandlerImpl/src/VersionHandlerImpl.cs:2580)
Google.VersionHandlerImpl/FileMetadataSet:ConsolidateManifests () (at /Users/amaurice/Documents/GitHub/unity-jar-resolver/source/VersionHandlerImpl/src/VersionHandlerImpl.cs:1492)
Google.VersionHandlerImpl/ManifestReferences:FindAndReadManifestsByPackageName (Google.VersionHandlerImpl/FileMetadataSet) (at /Users/amaurice/Documents/GitHub/unity-jar-resolver/source/VersionHandlerImpl/src/VersionHandlerImpl.cs:1906)
Google.VersionHandlerImpl/ManifestReferences:FindAndReadManifests () (at /Users/amaurice/Documents/GitHub/unity-jar-resolver/source/VersionHandlerImpl/src/VersionHandlerImpl.cs:1953)
Firebase.Editor.Measurement:get_BaseQuery () (at /Users/runner/work/firebase-unity-sdk/firebase-unity-sdk/editor/app/src/Measurement.cs:55)
Firebase.Editor.Measurement:.cctor () (at /Users/runner/work/firebase-unity-sdk/firebase-unity-sdk/editor/app/src/Measurement.cs:38)
Firebase.Editor.GenerateXmlFromGoogleServicesJson:RunResourceGenerator (System.Collections.Generic.IEnumerable`1<string>,string,bool) (at /Users/runner/work/firebase-unity-sdk/firebase-unity-sdk/editor/app/src/GenerateXmlFromGoogleServicesJson.cs:535)
Firebase.Editor.GenerateXmlFromGoogleServicesJson:ReadBundleIds (string) (at /Users/runner/work/firebase-unity-sdk/firebase-unity-sdk/editor/app/src/GenerateXmlFromGoogleServicesJson.cs:409)
Firebase.Editor.GenerateXmlFromGoogleServicesJson:UpdateConfigFileDirectory () (at /Users/runner/work/firebase-unity-sdk/firebase-unity-sdk/editor/app/src/GenerateXmlFromGoogleServicesJson.cs:297)
Firebase.Editor.GenerateXmlFromGoogleServicesJson:CheckConfiguration () (at /Users/runner/work/firebase-unity-sdk/firebase-unity-sdk/editor/app/src/GenerateXmlFromGoogleServicesJson.cs:248)
Firebase.Editor.GenerateXmlFromGoogleServicesJson/<>c:<.cctor>b__15_1 () (at /Users/runner/work/firebase-unity-sdk/firebase-unity-sdk/editor/app/src/GenerateXmlFromGoogleServicesJson.cs:103)
Google.EditorInitializer/<>c__DisplayClass0_0:<InitializeOnMainThread>b__0 () (at /Users/amaurice/Documents/GitHub/unity-jar-resolver/source/VersionHandlerImpl/src/EditorInitializer.cs:60)
Google.RunOnMainThread:ExecutePollingJobs () (at /Users/amaurice/Documents/GitHub/unity-jar-resolver/source/VersionHandlerImpl/src/RunOnMainThread.cs:409)
Google.RunOnMainThread/<>c:<ExecuteAllUnnested>b__28_0 () (at /Users/amaurice/Documents/GitHub/unity-jar-resolver/source/VersionHandlerImpl/src/RunOnMainThread.cs:541)
Google.RunOnMainThread:RunAction (System.Action) (at /Users/amaurice/Documents/GitHub/unity-jar-resolver/source/VersionHandlerImpl/src/RunOnMainThread.cs:343)
Google.RunOnMainThread:ExecuteAllUnnested (bool) (at /Users/amaurice/Documents/GitHub/unity-jar-resolver/source/VersionHandlerImpl/src/RunOnMainThread.cs:530)
Google.RunOnMainThread/<>c:<PollOnUpdateUntilComplete>b__20_0 () (at /Users/amaurice/Documents/GitHub/unity-jar-resolver/source/VersionHandlerImpl/src/RunOnMainThread.cs:365)
Google.RunOnMainThread:RunAction (System.Action) (at /Users/amaurice/Documents/GitHub/unity-jar-resolver/source/VersionHandlerImpl/src/RunOnMainThread.cs:343)
Google.RunOnMainThread:PollOnUpdateUntilComplete (System.Func`1<bool>,bool) (at /Users/amaurice/Documents/GitHub/unity-jar-resolver/source/VersionHandlerImpl/src/RunOnMainThread.cs:363)
Google.EditorInitializer:InitializeOnMainThread (System.Func`1<bool>,System.Func`1<bool>,string,Google.Logger) (at /Users/amaurice/Documents/GitHub/unity-jar-resolver/source/VersionHandlerImpl/src/EditorInitializer.cs:48)
Firebase.Editor.GenerateXmlFromGoogleServicesJson:.cctor () (at /Users/runner/work/firebase-unity-sdk/firebase-unity-sdk/editor/app/src/GenerateXmlFromGoogleServicesJson.cs:98)
System.Runtime.CompilerServices.RuntimeHelpers:RunClassConstructor (System.RuntimeTypeHandle)
UnityEditor.EditorAssemblies:ProcessInitializeOnLoadAttributes (System.Type[])

(Filename: /Users/amaurice/Documents/GitHub/unity-jar-resolver/source/VersionHandlerImpl/src/VersionHandlerImpl.cs Line: 2580)

Add manifests to package 'Google Analytics':
file: Packages\com.betta.unity.sdk\Service\Services\ServiceFirebase\com.google.firebase.analytics\Firebase\Editor\FirebaseAnalytics_version-13.6.0_manifest.txt, version: 13.6.0
UnityEngine.Debug:ExtractStackTraceNoAlloc (byte*,int,string)
UnityEngine.StackTraceUtility:ExtractStackTrace ()
UnityEngine.DebugLogHandler:Internal_Log (UnityEngine.LogType,UnityEngine.LogOption,string,UnityEngine.Object)
UnityEngine.DebugLogHandler:LogFormat (UnityEngine.LogType,UnityEngine.Object,string,object[])
UnityEngine.Logger:Log (UnityEngine.LogType,object)
UnityEngine.Debug:Log (object)
Google.Logger:Log (string,Google.LogLevel) (at /Users/amaurice/Documents/GitHub/unity-jar-resolver/source/VersionHandlerImpl/src/Logger.cs:124)
Google.VersionHandlerImpl:Log (string,bool,Google.LogLevel) (at /Users/amaurice/Documents/GitHub/unity-jar-resolver/source/VersionHandlerImpl/src/VersionHandlerImpl.cs:2580)
Google.VersionHandlerImpl/FileMetadataSet:ConsolidateManifests () (at /Users/amaurice/Documents/GitHub/unity-jar-resolver/source/VersionHandlerImpl/src/VersionHandlerImpl.cs:1515)
Google.VersionHandlerImpl/ManifestReferences:FindAndReadManifestsByPackageName (Google.VersionHandlerImpl/FileMetadataSet) (at /Users/amaurice/Documents/GitHub/unity-jar-resolver/source/VersionHandlerImpl/src/VersionHandlerImpl.cs:1906)
Google.VersionHandlerImpl/ManifestReferences:FindAndReadManifests () (at /Users/amaurice/Documents/GitHub/unity-jar-resolver/source/VersionHandlerImpl/src/VersionHandlerImpl.cs:1953)
Firebase.Editor.Measurement:get_BaseQuery () (at /Users/runner/work/firebase-unity-sdk/firebase-unity-sdk/editor/app/src/Measurement.cs:55)
Firebase.Editor.Measurement:.cctor () (at /Users/runner/work/firebase-unity-sdk/firebase-unity-sdk/editor/app/src/Measurement.cs:38)
Firebase.Editor.GenerateXmlFromGoogleServicesJson:RunResourceGenerator (System.Collections.Generic.IEnumerable`1<string>,string,bool) (at /Users/runner/work/firebase-unity-sdk/firebase-unity-sdk/editor/app/src/GenerateXmlFromGoogleServicesJson.cs:535)
Firebase.Editor.GenerateXmlFromGoogleServicesJson:ReadBundleIds (string) (at /Users/runner/work/firebase-unity-sdk/firebase-unity-sdk/editor/app/src/GenerateXmlFromGoogleServicesJson.cs:409)
Firebase.Editor.GenerateXmlFromGoogleServicesJson:UpdateConfigFileDirectory () (at /Users/runner/work/firebase-unity-sdk/firebase-unity-sdk/editor/app/src/GenerateXmlFromGoogleServicesJson.cs:297)
Firebase.Editor.GenerateXmlFromGoogleServicesJson:CheckConfiguration () (at /Users/runner/work/firebase-unity-sdk/firebase-unity-sdk/editor/app/src/GenerateXmlFromGoogleServicesJson.cs:248)
Firebase.Editor.GenerateXmlFromGoogleServicesJson/<>c:<.cctor>b__15_1 () (at /Users/runner/work/firebase-unity-sdk/firebase-unity-sdk/editor/app/src/GenerateXmlFromGoogleServicesJson.cs:103)
Google.EditorInitializer/<>c__DisplayClass0_0:<InitializeOnMainThread>b__0 () (at /Users/amaurice/Documents/GitHub/unity-jar-resolver/source/VersionHandlerImpl/src/EditorInitializer.cs:60)
Google.RunOnMainThread:ExecutePollingJobs () (at /Users/amaurice/Documents/GitHub/unity-jar-resolver/source/VersionHandlerImpl/src/RunOnMainThread.cs:409)
Google.RunOnMainThread/<>c:<ExecuteAllUnnested>b__28_0 () (at /Users/amaurice/Documents/GitHub/unity-jar-resolver/source/VersionHandlerImpl/src/RunOnMainThread.cs:541)
Google.RunOnMainThread:RunAction (System.Action) (at /Users/amaurice/Documents/GitHub/unity-jar-resolver/source/VersionHandlerImpl/src/RunOnMainThread.cs:343)
Google.RunOnMainThread:ExecuteAllUnnested (bool) (at /Users/amaurice/Documents/GitHub/unity-jar-resolver/source/VersionHandlerImpl/src/RunOnMainThread.cs:530)
Google.RunOnMainThread/<>c:<PollOnUpdateUntilComplete>b__20_0 () (at /Users/amaurice/Documents/GitHub/unity-jar-resolver/source/VersionHandlerImpl/src/RunOnMainThread.cs:365)
Google.RunOnMainThread:RunAction (System.Action) (at /Users/amaurice/Documents/GitHub/unity-jar-resolver/source/VersionHandlerImpl/src/RunOnMainThread.cs:343)
Google.RunOnMainThread:PollOnUpdateUntilComplete (System.Func`1<bool>,bool) (at /Users/amaurice/Documents/GitHub/unity-jar-resolver/source/VersionHandlerImpl/src/RunOnMainThread.cs:363)
Google.EditorInitializer:InitializeOnMainThread (System.Func`1<bool>,System.Func`1<bool>,string,Google.Logger) (at /Users/amaurice/Documents/GitHub/unity-jar-resolver/source/VersionHandlerImpl/src/EditorInitializer.cs:48)
Firebase.Editor.GenerateXmlFromGoogleServicesJson:.cctor () (at /Users/runner/work/firebase-unity-sdk/firebase-unity-sdk/editor/app/src/GenerateXmlFromGoogleServicesJson.cs:98)
System.Runtime.CompilerServices.RuntimeHelpers:RunClassConstructor (System.RuntimeTypeHandle)
UnityEditor.EditorAssemblies:ProcessInitializeOnLoadAttributes (System.Type[])

(Filename: /Users/amaurice/Documents/GitHub/unity-jar-resolver/source/VersionHandlerImpl/src/VersionHandlerImpl.cs Line: 2580)

Add manifests to package 'Firebase Crashlytics':
file: Packages\com.betta.unity.sdk\Service\Services\ServiceFirebase\com.google.firebase.crashlytics\Firebase\Editor\FirebaseCrashlytics_version-13.6.0_manifest.txt, version: 13.6.0
UnityEngine.Debug:ExtractStackTraceNoAlloc (byte*,int,string)
UnityEngine.StackTraceUtility:ExtractStackTrace ()
UnityEngine.DebugLogHandler:Internal_Log (UnityEngine.LogType,UnityEngine.LogOption,string,UnityEngine.Object)
UnityEngine.DebugLogHandler:LogFormat (UnityEngine.LogType,UnityEngine.Object,string,object[])
UnityEngine.Logger:Log (UnityEngine.LogType,object)
UnityEngine.Debug:Log (object)
Google.Logger:Log (string,Google.LogLevel) (at /Users/amaurice/Documents/GitHub/unity-jar-resolver/source/VersionHandlerImpl/src/Logger.cs:124)
Google.VersionHandlerImpl:Log (string,bool,Google.LogLevel) (at /Users/amaurice/Documents/GitHub/unity-jar-resolver/source/VersionHandlerImpl/src/VersionHandlerImpl.cs:2580)
Google.VersionHandlerImpl/FileMetadataSet:ConsolidateManifests () (at /Users/amaurice/Documents/GitHub/unity-jar-resolver/source/VersionHandlerImpl/src/VersionHandlerImpl.cs:1515)
Google.VersionHandlerImpl/ManifestReferences:FindAndReadManifestsByPackageName (Google.VersionHandlerImpl/FileMetadataSet) (at /Users/amaurice/Documents/GitHub/unity-jar-resolver/source/VersionHandlerImpl/src/VersionHandlerImpl.cs:1906)
Google.VersionHandlerImpl/ManifestReferences:FindAndReadManifests () (at /Users/amaurice/Documents/GitHub/unity-jar-resolver/source/VersionHandlerImpl/src/VersionHandlerImpl.cs:1953)
Firebase.Editor.Measurement:get_BaseQuery () (at /Users/runner/work/firebase-unity-sdk/firebase-unity-sdk/editor/app/src/Measurement.cs:55)
Firebase.Editor.Measurement:.cctor () (at /Users/runner/work/firebase-unity-sdk/firebase-unity-sdk/editor/app/src/Measurement.cs:38)
Firebase.Editor.GenerateXmlFromGoogleServicesJson:RunResourceGenerator (System.Collections.Generic.IEnumerable`1<string>,string,bool) (at /Users/runner/work/firebase-unity-sdk/firebase-unity-sdk/editor/app/src/GenerateXmlFromGoogleServicesJson.cs:535)
Firebase.Editor.GenerateXmlFromGoogleServicesJson:ReadBundleIds (string) (at /Users/runner/work/firebase-unity-sdk/firebase-unity-sdk/editor/app/src/GenerateXmlFromGoogleServicesJson.cs:409)
Firebase.Editor.GenerateXmlFromGoogleServicesJson:UpdateConfigFileDirectory () (at /Users/runner/work/firebase-unity-sdk/firebase-unity-sdk/editor/app/src/GenerateXmlFromGoogleServicesJson.cs:297)
Firebase.Editor.GenerateXmlFromGoogleServicesJson:CheckConfiguration () (at /Users/runner/work/firebase-unity-sdk/firebase-unity-sdk/editor/app/src/GenerateXmlFromGoogleServicesJson.cs:248)
Firebase.Editor.GenerateXmlFromGoogleServicesJson/<>c:<.cctor>b__15_1 () (at /Users/runner/work/firebase-unity-sdk/firebase-unity-sdk/editor/app/src/GenerateXmlFromGoogleServicesJson.cs:103)
Google.EditorInitializer/<>c__DisplayClass0_0:<InitializeOnMainThread>b__0 () (at /Users/amaurice/Documents/GitHub/unity-jar-resolver/source/VersionHandlerImpl/src/EditorInitializer.cs:60)
Google.RunOnMainThread:ExecutePollingJobs () (at /Users/amaurice/Documents/GitHub/unity-jar-resolver/source/VersionHandlerImpl/src/RunOnMainThread.cs:409)
Google.RunOnMainThread/<>c:<ExecuteAllUnnested>b__28_0 () (at /Users/amaurice/Documents/GitHub/unity-jar-resolver/source/VersionHandlerImpl/src/RunOnMainThread.cs:541)
Google.RunOnMainThread:RunAction (System.Action) (at /Users/amaurice/Documents/GitHub/unity-jar-resolver/source/VersionHandlerImpl/src/RunOnMainThread.cs:343)
Google.RunOnMainThread:ExecuteAllUnnested (bool) (at /Users/amaurice/Documents/GitHub/unity-jar-resolver/source/VersionHandlerImpl/src/RunOnMainThread.cs:530)
Google.RunOnMainThread/<>c:<PollOnUpdateUntilComplete>b__20_0 () (at /Users/amaurice/Documents/GitHub/unity-jar-resolver/source/VersionHandlerImpl/src/RunOnMainThread.cs:365)
Google.RunOnMainThread:RunAction (System.Action) (at /Users/amaurice/Documents/GitHub/unity-jar-resolver/source/VersionHandlerImpl/src/RunOnMainThread.cs:343)
Google.RunOnMainThread:PollOnUpdateUntilComplete (System.Func`1<bool>,bool) (at /Users/amaurice/Documents/GitHub/unity-jar-resolver/source/VersionHandlerImpl/src/RunOnMainThread.cs:363)
Google.EditorInitializer:InitializeOnMainThread (System.Func`1<bool>,System.Func`1<bool>,string,Google.Logger) (at /Users/amaurice/Documents/GitHub/unity-jar-resolver/source/VersionHandlerImpl/src/EditorInitializer.cs:48)
Firebase.Editor.GenerateXmlFromGoogleServicesJson:.cctor () (at /Users/runner/work/firebase-unity-sdk/firebase-unity-sdk/editor/app/src/GenerateXmlFromGoogleServicesJson.cs:98)
System.Runtime.CompilerServices.RuntimeHelpers:RunClassConstructor (System.RuntimeTypeHandle)
UnityEditor.EditorAssemblies:ProcessInitializeOnLoadAttributes (System.Type[])

(Filename: /Users/amaurice/Documents/GitHub/unity-jar-resolver/source/VersionHandlerImpl/src/VersionHandlerImpl.cs Line: 2580)

Add manifests to package 'Firebase Cloud Messaging':
file: Packages\com.betta.unity.sdk\Service\Services\ServiceFirebase\com.google.firebase.messaging\Firebase\Editor\FirebaseMessaging_version-13.6.0_manifest.txt, version: 13.6.0
UnityEngine.Debug:ExtractStackTraceNoAlloc (byte*,int,string)
UnityEngine.StackTraceUtility:ExtractStackTrace ()
UnityEngine.DebugLogHandler:Internal_Log (UnityEngine.LogType,UnityEngine.LogOption,string,UnityEngine.Object)
UnityEngine.DebugLogHandler:LogFormat (UnityEngine.LogType,UnityEngine.Object,string,object[])
UnityEngine.Logger:Log (UnityEngine.LogType,object)
UnityEngine.Debug:Log (object)
Google.Logger:Log (string,Google.LogLevel) (at /Users/amaurice/Documents/GitHub/unity-jar-resolver/source/VersionHandlerImpl/src/Logger.cs:124)
Google.VersionHandlerImpl:Log (string,bool,Google.LogLevel) (at /Users/amaurice/Documents/GitHub/unity-jar-resolver/source/VersionHandlerImpl/src/VersionHandlerImpl.cs:2580)
Google.VersionHandlerImpl/FileMetadataSet:ConsolidateManifests () (at /Users/amaurice/Documents/GitHub/unity-jar-resolver/source/VersionHandlerImpl/src/VersionHandlerImpl.cs:1515)
Google.VersionHandlerImpl/ManifestReferences:FindAndReadManifestsByPackageName (Google.VersionHandlerImpl/FileMetadataSet) (at /Users/amaurice/Documents/GitHub/unity-jar-resolver/source/VersionHandlerImpl/src/VersionHandlerImpl.cs:1906)
Google.VersionHandlerImpl/ManifestReferences:FindAndReadManifests () (at /Users/amaurice/Documents/GitHub/unity-jar-resolver/source/VersionHandlerImpl/src/VersionHandlerImpl.cs:1953)
Firebase.Editor.Measurement:get_BaseQuery () (at /Users/runner/work/firebase-unity-sdk/firebase-unity-sdk/editor/app/src/Measurement.cs:55)
Firebase.Editor.Measurement:.cctor () (at /Users/runner/work/firebase-unity-sdk/firebase-unity-sdk/editor/app/src/Measurement.cs:38)
Firebase.Editor.GenerateXmlFromGoogleServicesJson:RunResourceGenerator (System.Collections.Generic.IEnumerable`1<string>,string,bool) (at /Users/runner/work/firebase-unity-sdk/firebase-unity-sdk/editor/app/src/GenerateXmlFromGoogleServicesJson.cs:535)
Firebase.Editor.GenerateXmlFromGoogleServicesJson:ReadBundleIds (string) (at /Users/runner/work/firebase-unity-sdk/firebase-unity-sdk/editor/app/src/GenerateXmlFromGoogleServicesJson.cs:409)
Firebase.Editor.GenerateXmlFromGoogleServicesJson:UpdateConfigFileDirectory () (at /Users/runner/work/firebase-unity-sdk/firebase-unity-sdk/editor/app/src/GenerateXmlFromGoogleServicesJson.cs:297)
Firebase.Editor.GenerateXmlFromGoogleServicesJson:CheckConfiguration () (at /Users/runner/work/firebase-unity-sdk/firebase-unity-sdk/editor/app/src/GenerateXmlFromGoogleServicesJson.cs:248)
Firebase.Editor.GenerateXmlFromGoogleServicesJson/<>c:<.cctor>b__15_1 () (at /Users/runner/work/firebase-unity-sdk/firebase-unity-sdk/editor/app/src/GenerateXmlFromGoogleServicesJson.cs:103)
Google.EditorInitializer/<>c__DisplayClass0_0:<InitializeOnMainThread>b__0 () (at /Users/amaurice/Documents/GitHub/unity-jar-resolver/source/VersionHandlerImpl/src/EditorInitializer.cs:60)
Google.RunOnMainThread:ExecutePollingJobs () (at /Users/amaurice/Documents/GitHub/unity-jar-resolver/source/VersionHandlerImpl/src/RunOnMainThread.cs:409)
Google.RunOnMainThread/<>c:<ExecuteAllUnnested>b__28_0 () (at /Users/amaurice/Documents/GitHub/unity-jar-resolver/source/VersionHandlerImpl/src/RunOnMainThread.cs:541)
Google.RunOnMainThread:RunAction (System.Action) (at /Users/amaurice/Documents/GitHub/unity-jar-resolver/source/VersionHandlerImpl/src/RunOnMainThread.cs:343)
Google.RunOnMainThread:ExecuteAllUnnested (bool) (at /Users/amaurice/Documents/GitHub/unity-jar-resolver/source/VersionHandlerImpl/src/RunOnMainThread.cs:530)
Google.RunOnMainThread/<>c:<PollOnUpdateUntilComplete>b__20_0 () (at /Users/amaurice/Documents/GitHub/unity-jar-resolver/source/VersionHandlerImpl/src/RunOnMainThread.cs:365)
Google.RunOnMainThread:RunAction (System.Action) (at /Users/amaurice/Documents/GitHub/unity-jar-resolver/source/VersionHandlerImpl/src/RunOnMainThread.cs:343)
Google.RunOnMainThread:PollOnUpdateUntilComplete (System.Func`1<bool>,bool) (at /Users/amaurice/Documents/GitHub/unity-jar-resolver/source/VersionHandlerImpl/src/RunOnMainThread.cs:363)
Google.EditorInitializer:InitializeOnMainThread (System.Func`1<bool>,System.Func`1<bool>,string,Google.Logger) (at /Users/amaurice/Documents/GitHub/unity-jar-resolver/source/VersionHandlerImpl/src/EditorInitializer.cs:48)
Firebase.Editor.GenerateXmlFromGoogleServicesJson:.cctor () (at /Users/runner/work/firebase-unity-sdk/firebase-unity-sdk/editor/app/src/GenerateXmlFromGoogleServicesJson.cs:98)
System.Runtime.CompilerServices.RuntimeHelpers:RunClassConstructor (System.RuntimeTypeHandle)
UnityEditor.EditorAssemblies:ProcessInitializeOnLoadAttributes (System.Type[])

(Filename: /Users/amaurice/Documents/GitHub/unity-jar-resolver/source/VersionHandlerImpl/src/VersionHandlerImpl.cs Line: 2580)

Add manifests to package 'google-signin-plugin':
file: Packages\com.betta.unity.sdk\Service\Services\ServiceGoogle\google-signin-unity\GoogleSignIn\Editor\google-signin-plugin_v1.0.4.txt, version: 1.0.4
UnityEngine.Debug:ExtractStackTraceNoAlloc (byte*,int,string)
UnityEngine.StackTraceUtility:ExtractStackTrace ()
UnityEngine.DebugLogHandler:Internal_Log (UnityEngine.LogType,UnityEngine.LogOption,string,UnityEngine.Object)
UnityEngine.DebugLogHandler:LogFormat (UnityEngine.LogType,UnityEngine.Object,string,object[])
UnityEngine.Logger:Log (UnityEngine.LogType,object)
UnityEngine.Debug:Log (object)
Google.Logger:Log (string,Google.LogLevel) (at /Users/amaurice/Documents/GitHub/unity-jar-resolver/source/VersionHandlerImpl/src/Logger.cs:124)
Google.VersionHandlerImpl:Log (string,bool,Google.LogLevel) (at /Users/amaurice/Documents/GitHub/unity-jar-resolver/source/VersionHandlerImpl/src/VersionHandlerImpl.cs:2580)
Google.VersionHandlerImpl/FileMetadataSet:ConsolidateManifests () (at /Users/amaurice/Documents/GitHub/unity-jar-resolver/source/VersionHandlerImpl/src/VersionHandlerImpl.cs:1515)
Google.VersionHandlerImpl/ManifestReferences:FindAndReadManifestsByPackageName (Google.VersionHandlerImpl/FileMetadataSet) (at /Users/amaurice/Documents/GitHub/unity-jar-resolver/source/VersionHandlerImpl/src/VersionHandlerImpl.cs:1906)
Google.VersionHandlerImpl/ManifestReferences:FindAndReadManifests () (at /Users/amaurice/Documents/GitHub/unity-jar-resolver/source/VersionHandlerImpl/src/VersionHandlerImpl.cs:1953)
Firebase.Editor.Measurement:get_BaseQuery () (at /Users/runner/work/firebase-unity-sdk/firebase-unity-sdk/editor/app/src/Measurement.cs:55)
Firebase.Editor.Measurement:.cctor () (at /Users/runner/work/firebase-unity-sdk/firebase-unity-sdk/editor/app/src/Measurement.cs:38)
Firebase.Editor.GenerateXmlFromGoogleServicesJson:RunResourceGenerator (System.Collections.Generic.IEnumerable`1<string>,string,bool) (at /Users/runner/work/firebase-unity-sdk/firebase-unity-sdk/editor/app/src/GenerateXmlFromGoogleServicesJson.cs:535)
Firebase.Editor.GenerateXmlFromGoogleServicesJson:ReadBundleIds (string) (at /Users/runner/work/firebase-unity-sdk/firebase-unity-sdk/editor/app/src/GenerateXmlFromGoogleServicesJson.cs:409)
Firebase.Editor.GenerateXmlFromGoogleServicesJson:UpdateConfigFileDirectory () (at /Users/runner/work/firebase-unity-sdk/firebase-unity-sdk/editor/app/src/GenerateXmlFromGoogleServicesJson.cs:297)
Firebase.Editor.GenerateXmlFromGoogleServicesJson:CheckConfiguration () (at /Users/runner/work/firebase-unity-sdk/firebase-unity-sdk/editor/app/src/GenerateXmlFromGoogleServicesJson.cs:248)
Firebase.Editor.GenerateXmlFromGoogleServicesJson/<>c:<.cctor>b__15_1 () (at /Users/runner/work/firebase-unity-sdk/firebase-unity-sdk/editor/app/src/GenerateXmlFromGoogleServicesJson.cs:103)
Google.EditorInitializer/<>c__DisplayClass0_0:<InitializeOnMainThread>b__0 () (at /Users/amaurice/Documents/GitHub/unity-jar-resolver/source/VersionHandlerImpl/src/EditorInitializer.cs:60)
Google.RunOnMainThread:ExecutePollingJobs () (at /Users/amaurice/Documents/GitHub/unity-jar-resolver/source/VersionHandlerImpl/src/RunOnMainThread.cs:409)
Google.RunOnMainThread/<>c:<ExecuteAllUnnested>b__28_0 () (at /Users/amaurice/Documents/GitHub/unity-jar-resolver/source/VersionHandlerImpl/src/RunOnMainThread.cs:541)
Google.RunOnMainThread:RunAction (System.Action) (at /Users/amaurice/Documents/GitHub/unity-jar-resolver/source/VersionHandlerImpl/src/RunOnMainThread.cs:343)
Google.RunOnMainThread:ExecuteAllUnnested (bool) (at /Users/amaurice/Documents/GitHub/unity-jar-resolver/source/VersionHandlerImpl/src/RunOnMainThread.cs:530)
Google.RunOnMainThread/<>c:<PollOnUpdateUntilComplete>b__20_0 () (at /Users/amaurice/Documents/GitHub/unity-jar-resolver/source/VersionHandlerImpl/src/RunOnMainThread.cs:365)
Google.RunOnMainThread:RunAction (System.Action) (at /Users/amaurice/Documents/GitHub/unity-jar-resolver/source/VersionHandlerImpl/src/RunOnMainThread.cs:343)
Google.RunOnMainThread:PollOnUpdateUntilComplete (System.Func`1<bool>,bool) (at /Users/amaurice/Documents/GitHub/unity-jar-resolver/source/VersionHandlerImpl/src/RunOnMainThread.cs:363)
Google.EditorInitializer:InitializeOnMainThread (System.Func`1<bool>,System.Func`1<bool>,string,Google.Logger) (at /Users/amaurice/Documents/GitHub/unity-jar-resolver/source/VersionHandlerImpl/src/EditorInitializer.cs:48)
Firebase.Editor.GenerateXmlFromGoogleServicesJson:.cctor () (at /Users/runner/work/firebase-unity-sdk/firebase-unity-sdk/editor/app/src/GenerateXmlFromGoogleServicesJson.cs:98)
System.Runtime.CompilerServices.RuntimeHelpers:RunClassConstructor (System.RuntimeTypeHandle)
UnityEditor.EditorAssemblies:ProcessInitializeOnLoadAttributes (System.Type[])

(Filename: /Users/amaurice/Documents/GitHub/unity-jar-resolver/source/VersionHandlerImpl/src/VersionHandlerImpl.cs Line: 2580)

Add manifests to package 'GooglePlayGamesPlugin':
file: Packages\com.betta.unity.sdk\Service\Services\ServiceGoogleGame\com.google.play.games\Editor\GooglePlayGamesPlugin_v2.1.0.txt, version: 2.1.0
UnityEngine.Debug:ExtractStackTraceNoAlloc (byte*,int,string)
UnityEngine.StackTraceUtility:ExtractStackTrace ()
UnityEngine.DebugLogHandler:Internal_Log (UnityEngine.LogType,UnityEngine.LogOption,string,UnityEngine.Object)
UnityEngine.DebugLogHandler:LogFormat (UnityEngine.LogType,UnityEngine.Object,string,object[])
UnityEngine.Logger:Log (UnityEngine.LogType,object)
UnityEngine.Debug:Log (object)
Google.Logger:Log (string,Google.LogLevel) (at /Users/amaurice/Documents/GitHub/unity-jar-resolver/source/VersionHandlerImpl/src/Logger.cs:124)
Google.VersionHandlerImpl:Log (string,bool,Google.LogLevel) (at /Users/amaurice/Documents/GitHub/unity-jar-resolver/source/VersionHandlerImpl/src/VersionHandlerImpl.cs:2580)
Google.VersionHandlerImpl/FileMetadataSet:ConsolidateManifests () (at /Users/amaurice/Documents/GitHub/unity-jar-resolver/source/VersionHandlerImpl/src/VersionHandlerImpl.cs:1515)
Google.VersionHandlerImpl/ManifestReferences:FindAndReadManifestsByPackageName (Google.VersionHandlerImpl/FileMetadataSet) (at /Users/amaurice/Documents/GitHub/unity-jar-resolver/source/VersionHandlerImpl/src/VersionHandlerImpl.cs:1906)
Google.VersionHandlerImpl/ManifestReferences:FindAndReadManifests () (at /Users/amaurice/Documents/GitHub/unity-jar-resolver/source/VersionHandlerImpl/src/VersionHandlerImpl.cs:1953)
Firebase.Editor.Measurement:get_BaseQuery () (at /Users/runner/work/firebase-unity-sdk/firebase-unity-sdk/editor/app/src/Measurement.cs:55)
Firebase.Editor.Measurement:.cctor () (at /Users/runner/work/firebase-unity-sdk/firebase-unity-sdk/editor/app/src/Measurement.cs:38)
Firebase.Editor.GenerateXmlFromGoogleServicesJson:RunResourceGenerator (System.Collections.Generic.IEnumerable`1<string>,string,bool) (at /Users/runner/work/firebase-unity-sdk/firebase-unity-sdk/editor/app/src/GenerateXmlFromGoogleServicesJson.cs:535)
Firebase.Editor.GenerateXmlFromGoogleServicesJson:ReadBundleIds (string) (at /Users/runner/work/firebase-unity-sdk/firebase-unity-sdk/editor/app/src/GenerateXmlFromGoogleServicesJson.cs:409)
Firebase.Editor.GenerateXmlFromGoogleServicesJson:UpdateConfigFileDirectory () (at /Users/runner/work/firebase-unity-sdk/firebase-unity-sdk/editor/app/src/GenerateXmlFromGoogleServicesJson.cs:297)
Firebase.Editor.GenerateXmlFromGoogleServicesJson:CheckConfiguration () (at /Users/runner/work/firebase-unity-sdk/firebase-unity-sdk/editor/app/src/GenerateXmlFromGoogleServicesJson.cs:248)
Firebase.Editor.GenerateXmlFromGoogleServicesJson/<>c:<.cctor>b__15_1 () (at /Users/runner/work/firebase-unity-sdk/firebase-unity-sdk/editor/app/src/GenerateXmlFromGoogleServicesJson.cs:103)
Google.EditorInitializer/<>c__DisplayClass0_0:<InitializeOnMainThread>b__0 () (at /Users/amaurice/Documents/GitHub/unity-jar-resolver/source/VersionHandlerImpl/src/EditorInitializer.cs:60)
Google.RunOnMainThread:ExecutePollingJobs () (at /Users/amaurice/Documents/GitHub/unity-jar-resolver/source/VersionHandlerImpl/src/RunOnMainThread.cs:409)
Google.RunOnMainThread/<>c:<ExecuteAllUnnested>b__28_0 () (at /Users/amaurice/Documents/GitHub/unity-jar-resolver/source/VersionHandlerImpl/src/RunOnMainThread.cs:541)
Google.RunOnMainThread:RunAction (System.Action) (at /Users/amaurice/Documents/GitHub/unity-jar-resolver/source/VersionHandlerImpl/src/RunOnMainThread.cs:343)
Google.RunOnMainThread:ExecuteAllUnnested (bool) (at /Users/amaurice/Documents/GitHub/unity-jar-resolver/source/VersionHandlerImpl/src/RunOnMainThread.cs:530)
Google.RunOnMainThread/<>c:<PollOnUpdateUntilComplete>b__20_0 () (at /Users/amaurice/Documents/GitHub/unity-jar-resolver/source/VersionHandlerImpl/src/RunOnMainThread.cs:365)
Google.RunOnMainThread:RunAction (System.Action) (at /Users/amaurice/Documents/GitHub/unity-jar-resolver/source/VersionHandlerImpl/src/RunOnMainThread.cs:343)
Google.RunOnMainThread:PollOnUpdateUntilComplete (System.Func`1<bool>,bool) (at /Users/amaurice/Documents/GitHub/unity-jar-resolver/source/VersionHandlerImpl/src/RunOnMainThread.cs:363)
Google.EditorInitializer:InitializeOnMainThread (System.Func`1<bool>,System.Func`1<bool>,string,Google.Logger) (at /Users/amaurice/Documents/GitHub/unity-jar-resolver/source/VersionHandlerImpl/src/EditorInitializer.cs:48)
Firebase.Editor.GenerateXmlFromGoogleServicesJson:.cctor () (at /Users/runner/work/firebase-unity-sdk/firebase-unity-sdk/editor/app/src/GenerateXmlFromGoogleServicesJson.cs:98)
System.Runtime.CompilerServices.RuntimeHelpers:RunClassConstructor (System.RuntimeTypeHandle)
UnityEditor.EditorAssemblies:ProcessInitializeOnLoadAttributes (System.Type[])

(Filename: /Users/amaurice/Documents/GitHub/unity-jar-resolver/source/VersionHandlerImpl/src/VersionHandlerImpl.cs Line: 2580)

Add manifests to package 'External Dependency Manager':
file: Packages\com.google.external-dependency-manager\ExternalDependencyManager\Editor\external-dependency-manager_version-1.2.187_manifest.txt, version: 1.2.187
UnityEngine.Debug:ExtractStackTraceNoAlloc (byte*,int,string)
UnityEngine.StackTraceUtility:ExtractStackTrace ()
UnityEngine.DebugLogHandler:Internal_Log (UnityEngine.LogType,UnityEngine.LogOption,string,UnityEngine.Object)
UnityEngine.DebugLogHandler:LogFormat (UnityEngine.LogType,UnityEngine.Object,string,object[])
UnityEngine.Logger:Log (UnityEngine.LogType,object)
UnityEngine.Debug:Log (object)
Google.Logger:Log (string,Google.LogLevel) (at /Users/amaurice/Documents/GitHub/unity-jar-resolver/source/VersionHandlerImpl/src/Logger.cs:124)
Google.VersionHandlerImpl:Log (string,bool,Google.LogLevel) (at /Users/amaurice/Documents/GitHub/unity-jar-resolver/source/VersionHandlerImpl/src/VersionHandlerImpl.cs:2580)
Google.VersionHandlerImpl/FileMetadataSet:ConsolidateManifests () (at /Users/amaurice/Documents/GitHub/unity-jar-resolver/source/VersionHandlerImpl/src/VersionHandlerImpl.cs:1515)
Google.VersionHandlerImpl/ManifestReferences:FindAndReadManifestsByPackageName (Google.VersionHandlerImpl/FileMetadataSet) (at /Users/amaurice/Documents/GitHub/unity-jar-resolver/source/VersionHandlerImpl/src/VersionHandlerImpl.cs:1906)
Google.VersionHandlerImpl/ManifestReferences:FindAndReadManifests () (at /Users/amaurice/Documents/GitHub/unity-jar-resolver/source/VersionHandlerImpl/src/VersionHandlerImpl.cs:1953)
Firebase.Editor.Measurement:get_BaseQuery () (at /Users/runner/work/firebase-unity-sdk/firebase-unity-sdk/editor/app/src/Measurement.cs:55)
Firebase.Editor.Measurement:.cctor () (at /Users/runner/work/firebase-unity-sdk/firebase-unity-sdk/editor/app/src/Measurement.cs:38)
Firebase.Editor.GenerateXmlFromGoogleServicesJson:RunResourceGenerator (System.Collections.Generic.IEnumerable`1<string>,string,bool) (at /Users/runner/work/firebase-unity-sdk/firebase-unity-sdk/editor/app/src/GenerateXmlFromGoogleServicesJson.cs:535)
Firebase.Editor.GenerateXmlFromGoogleServicesJson:ReadBundleIds (string) (at /Users/runner/work/firebase-unity-sdk/firebase-unity-sdk/editor/app/src/GenerateXmlFromGoogleServicesJson.cs:409)
Firebase.Editor.GenerateXmlFromGoogleServicesJson:UpdateConfigFileDirectory () (at /Users/runner/work/firebase-unity-sdk/firebase-unity-sdk/editor/app/src/GenerateXmlFromGoogleServicesJson.cs:297)
Firebase.Editor.GenerateXmlFromGoogleServicesJson:CheckConfiguration () (at /Users/runner/work/firebase-unity-sdk/firebase-unity-sdk/editor/app/src/GenerateXmlFromGoogleServicesJson.cs:248)
Firebase.Editor.GenerateXmlFromGoogleServicesJson/<>c:<.cctor>b__15_1 () (at /Users/runner/work/firebase-unity-sdk/firebase-unity-sdk/editor/app/src/GenerateXmlFromGoogleServicesJson.cs:103)
Google.EditorInitializer/<>c__DisplayClass0_0:<InitializeOnMainThread>b__0 () (at /Users/amaurice/Documents/GitHub/unity-jar-resolver/source/VersionHandlerImpl/src/EditorInitializer.cs:60)
Google.RunOnMainThread:ExecutePollingJobs () (at /Users/amaurice/Documents/GitHub/unity-jar-resolver/source/VersionHandlerImpl/src/RunOnMainThread.cs:409)
Google.RunOnMainThread/<>c:<ExecuteAllUnnested>b__28_0 () (at /Users/amaurice/Documents/GitHub/unity-jar-resolver/source/VersionHandlerImpl/src/RunOnMainThread.cs:541)
Google.RunOnMainThread:RunAction (System.Action) (at /Users/amaurice/Documents/GitHub/unity-jar-resolver/source/VersionHandlerImpl/src/RunOnMainThread.cs:343)
Google.RunOnMainThread:ExecuteAllUnnested (bool) (at /Users/amaurice/Documents/GitHub/unity-jar-resolver/source/VersionHandlerImpl/src/RunOnMainThread.cs:530)
Google.RunOnMainThread/<>c:<PollOnUpdateUntilComplete>b__20_0 () (at /Users/amaurice/Documents/GitHub/unity-jar-resolver/source/VersionHandlerImpl/src/RunOnMainThread.cs:365)
Google.RunOnMainThread:RunAction (System.Action) (at /Users/amaurice/Documents/GitHub/unity-jar-resolver/source/VersionHandlerImpl/src/RunOnMainThread.cs:343)
Google.RunOnMainThread:PollOnUpdateUntilComplete (System.Func`1<bool>,bool) (at /Users/amaurice/Documents/GitHub/unity-jar-resolver/source/VersionHandlerImpl/src/RunOnMainThread.cs:363)
Google.EditorInitializer:InitializeOnMainThread (System.Func`1<bool>,System.Func`1<bool>,string,Google.Logger) (at /Users/amaurice/Documents/GitHub/unity-jar-resolver/source/VersionHandlerImpl/src/EditorInitializer.cs:48)
Firebase.Editor.GenerateXmlFromGoogleServicesJson:.cctor () (at /Users/runner/work/firebase-unity-sdk/firebase-unity-sdk/editor/app/src/GenerateXmlFromGoogleServicesJson.cs:98)
System.Runtime.CompilerServices.RuntimeHelpers:RunClassConstructor (System.RuntimeTypeHandle)
UnityEditor.EditorAssemblies:ProcessInitializeOnLoadAttributes (System.Type[])

(Filename: /Users/amaurice/Documents/GitHub/unity-jar-resolver/source/VersionHandlerImpl/src/VersionHandlerImpl.cs Line: 2580)

Parsing manifest 'Packages\com.betta.unity.sdk\Service\Services\ServiceFirebase\com.google.firebase.analytics\Firebase\Editor\FirebaseAnalytics_version-13.6.0_manifest.txt' of package 'Google Analytics'
UnityEngine.Debug:ExtractStackTraceNoAlloc (byte*,int,string)
UnityEngine.StackTraceUtility:ExtractStackTrace ()
UnityEngine.DebugLogHandler:Internal_Log (UnityEngine.LogType,UnityEngine.LogOption,string,UnityEngine.Object)
UnityEngine.DebugLogHandler:LogFormat (UnityEngine.LogType,UnityEngine.Object,string,object[])
UnityEngine.Logger:Log (UnityEngine.LogType,object)
UnityEngine.Debug:Log (object)
Google.Logger:Log (string,Google.LogLevel) (at /Users/amaurice/Documents/GitHub/unity-jar-resolver/source/VersionHandlerImpl/src/Logger.cs:124)
Google.VersionHandlerImpl:Log (string,bool,Google.LogLevel) (at /Users/amaurice/Documents/GitHub/unity-jar-resolver/source/VersionHandlerImpl/src/VersionHandlerImpl.cs:2580)
Google.VersionHandlerImpl/ManifestReferences:ParseManifests (Google.VersionHandlerImpl/FileMetadataByVersion,Google.VersionHandlerImpl/FileMetadataSet) (at /Users/amaurice/Documents/GitHub/unity-jar-resolver/source/VersionHandlerImpl/src/VersionHandlerImpl.cs:1832)
Google.VersionHandlerImpl/ManifestReferences:FindAndReadManifestsByPackageName (Google.VersionHandlerImpl/FileMetadataSet) (at /Users/amaurice/Documents/GitHub/unity-jar-resolver/source/VersionHandlerImpl/src/VersionHandlerImpl.cs:1925)
Google.VersionHandlerImpl/ManifestReferences:FindAndReadManifests () (at /Users/amaurice/Documents/GitHub/unity-jar-resolver/source/VersionHandlerImpl/src/VersionHandlerImpl.cs:1953)
Firebase.Editor.Measurement:get_BaseQuery () (at /Users/runner/work/firebase-unity-sdk/firebase-unity-sdk/editor/app/src/Measurement.cs:55)
Firebase.Editor.Measurement:.cctor () (at /Users/runner/work/firebase-unity-sdk/firebase-unity-sdk/editor/app/src/Measurement.cs:38)
Firebase.Editor.GenerateXmlFromGoogleServicesJson:RunResourceGenerator (System.Collections.Generic.IEnumerable`1<string>,string,bool) (at /Users/runner/work/firebase-unity-sdk/firebase-unity-sdk/editor/app/src/GenerateXmlFromGoogleServicesJson.cs:535)
Firebase.Editor.GenerateXmlFromGoogleServicesJson:ReadBundleIds (string) (at /Users/runner/work/firebase-unity-sdk/firebase-unity-sdk/editor/app/src/GenerateXmlFromGoogleServicesJson.cs:409)
Firebase.Editor.GenerateXmlFromGoogleServicesJson:UpdateConfigFileDirectory () (at /Users/runner/work/firebase-unity-sdk/firebase-unity-sdk/editor/app/src/GenerateXmlFromGoogleServicesJson.cs:297)
Firebase.Editor.GenerateXmlFromGoogleServicesJson:CheckConfiguration () (at /Users/runner/work/firebase-unity-sdk/firebase-unity-sdk/editor/app/src/GenerateXmlFromGoogleServicesJson.cs:248)
Firebase.Editor.GenerateXmlFromGoogleServicesJson/<>c:<.cctor>b__15_1 () (at /Users/runner/work/firebase-unity-sdk/firebase-unity-sdk/editor/app/src/GenerateXmlFromGoogleServicesJson.cs:103)
Google.EditorInitializer/<>c__DisplayClass0_0:<InitializeOnMainThread>b__0 () (at /Users/amaurice/Documents/GitHub/unity-jar-resolver/source/VersionHandlerImpl/src/EditorInitializer.cs:60)
Google.RunOnMainThread:ExecutePollingJobs () (at /Users/amaurice/Documents/GitHub/unity-jar-resolver/source/VersionHandlerImpl/src/RunOnMainThread.cs:409)
Google.RunOnMainThread/<>c:<ExecuteAllUnnested>b__28_0 () (at /Users/amaurice/Documents/GitHub/unity-jar-resolver/source/VersionHandlerImpl/src/RunOnMainThread.cs:541)
Google.RunOnMainThread:RunAction (System.Action) (at /Users/amaurice/Documents/GitHub/unity-jar-resolver/source/VersionHandlerImpl/src/RunOnMainThread.cs:343)
Google.RunOnMainThread:ExecuteAllUnnested (bool) (at /Users/amaurice/Documents/GitHub/unity-jar-resolver/source/VersionHandlerImpl/src/RunOnMainThread.cs:530)
Google.RunOnMainThread/<>c:<PollOnUpdateUntilComplete>b__20_0 () (at /Users/amaurice/Documents/GitHub/unity-jar-resolver/source/VersionHandlerImpl/src/RunOnMainThread.cs:365)
Google.RunOnMainThread:RunAction (System.Action) (at /Users/amaurice/Documents/GitHub/unity-jar-resolver/source/VersionHandlerImpl/src/RunOnMainThread.cs:343)
Google.RunOnMainThread:PollOnUpdateUntilComplete (System.Func`1<bool>,bool) (at /Users/amaurice/Documents/GitHub/unity-jar-resolver/source/VersionHandlerImpl/src/RunOnMainThread.cs:363)
Google.EditorInitializer:InitializeOnMainThread (System.Func`1<bool>,System.Func`1<bool>,string,Google.Logger) (at /Users/amaurice/Documents/GitHub/unity-jar-resolver/source/VersionHandlerImpl/src/EditorInitializer.cs:48)
Firebase.Editor.GenerateXmlFromGoogleServicesJson:.cctor () (at /Users/runner/work/firebase-unity-sdk/firebase-unity-sdk/editor/app/src/GenerateXmlFromGoogleServicesJson.cs:98)
System.Runtime.CompilerServices.RuntimeHelpers:RunClassConstructor (System.RuntimeTypeHandle)
UnityEditor.EditorAssemblies:ProcessInitializeOnLoadAttributes (System.Type[])

(Filename: /Users/amaurice/Documents/GitHub/unity-jar-resolver/source/VersionHandlerImpl/src/VersionHandlerImpl.cs Line: 2580)

'Google Analytics' Manifest:
Current files:
Assets\Firebase\Editor\AnalyticsDependencies.xml
Assets\Firebase\m2repository\com\google\firebase\firebase-analytics-unity\13.6.0\firebase-analytics-unity-13.6.0.pom
Assets\Firebase\m2repository\com\google\firebase\firebase-analytics-unity\13.6.0\firebase-analytics-unity-13.6.0.srcaar
Assets\Firebase\m2repository\com\google\firebase\firebase-analytics-unity\maven-metadata.xml
Assets\Firebase\Plugins\Firebase.Analytics.dll
Assets\Firebase\Plugins\Firebase.Analytics.pdb
Assets\Firebase\Plugins\iOS\Firebase.Analytics.dll
Assets\Firebase\Plugins\iOS\Firebase.Analytics.pdb
Assets\Firebase\Plugins\x86_64\FirebaseCppAnalytics.bundle
Assets\Firebase\Plugins\x86_64\FirebaseCppAnalytics.dll
Assets\Firebase\Plugins\x86_64\FirebaseCppAnalytics.so
Assets\package.json
Assets\Plugins\iOS\Firebase\libFirebaseCppAnalytics.a
Assets\Plugins\tvOS\Firebase\libFirebaseCppAnalytics.a
UnityEngine.Debug:ExtractStackTraceNoAlloc (byte*,int,string)
UnityEngine.StackTraceUtility:ExtractStackTrace ()
UnityEngine.DebugLogHandler:Internal_Log (UnityEngine.LogType,UnityEngine.LogOption,string,UnityEngine.Object)
UnityEngine.DebugLogHandler:LogFormat (UnityEngine.LogType,UnityEngine.Object,string,object[])
UnityEngine.Logger:Log (UnityEngine.LogType,object)
UnityEngine.Debug:Log (object)
Google.Logger:Log (string,Google.LogLevel) (at /Users/amaurice/Documents/GitHub/unity-jar-resolver/source/VersionHandlerImpl/src/Logger.cs:124)
Google.VersionHandlerImpl:Log (string,bool,Google.LogLevel) (at /Users/amaurice/Documents/GitHub/unity-jar-resolver/source/VersionHandlerImpl/src/VersionHandlerImpl.cs:2580)
Google.VersionHandlerImpl/ManifestReferences:ParseManifests (Google.VersionHandlerImpl/FileMetadataByVersion,Google.VersionHandlerImpl/FileMetadataSet) (at /Users/amaurice/Documents/GitHub/unity-jar-resolver/source/VersionHandlerImpl/src/VersionHandlerImpl.cs:1883)
Google.VersionHandlerImpl/ManifestReferences:FindAndReadManifestsByPackageName (Google.VersionHandlerImpl/FileMetadataSet) (at /Users/amaurice/Documents/GitHub/unity-jar-resolver/source/VersionHandlerImpl/src/VersionHandlerImpl.cs:1925)
Google.VersionHandlerImpl/ManifestReferences:FindAndReadManifests () (at /Users/amaurice/Documents/GitHub/unity-jar-resolver/source/VersionHandlerImpl/src/VersionHandlerImpl.cs:1953)
Firebase.Editor.Measurement:get_BaseQuery () (at /Users/runner/work/firebase-unity-sdk/firebase-unity-sdk/editor/app/src/Measurement.cs:55)
Firebase.Editor.Measurement:.cctor () (at /Users/runner/work/firebase-unity-sdk/firebase-unity-sdk/editor/app/src/Measurement.cs:38)
Firebase.Editor.GenerateXmlFromGoogleServicesJson:RunResourceGenerator (System.Collections.Generic.IEnumerable`1<string>,string,bool) (at /Users/runner/work/firebase-unity-sdk/firebase-unity-sdk/editor/app/src/GenerateXmlFromGoogleServicesJson.cs:535)
Firebase.Editor.GenerateXmlFromGoogleServicesJson:ReadBundleIds (string) (at /Users/runner/work/firebase-unity-sdk/firebase-unity-sdk/editor/app/src/GenerateXmlFromGoogleServicesJson.cs:409)
Firebase.Editor.GenerateXmlFromGoogleServicesJson:UpdateConfigFileDirectory () (at /Users/runner/work/firebase-unity-sdk/firebase-unity-sdk/editor/app/src/GenerateXmlFromGoogleServicesJson.cs:297)
Firebase.Editor.GenerateXmlFromGoogleServicesJson:CheckConfiguration () (at /Users/runner/work/firebase-unity-sdk/firebase-unity-sdk/editor/app/src/GenerateXmlFromGoogleServicesJson.cs:248)
Firebase.Editor.GenerateXmlFromGoogleServicesJson/<>c:<.cctor>b__15_1 () (at /Users/runner/work/firebase-unity-sdk/firebase-unity-sdk/editor/app/src/GenerateXmlFromGoogleServicesJson.cs:103)
Google.EditorInitializer/<>c__DisplayClass0_0:<InitializeOnMainThread>b__0 () (at /Users/amaurice/Documents/GitHub/unity-jar-resolver/source/VersionHandlerImpl/src/EditorInitializer.cs:60)
Google.RunOnMainThread:ExecutePollingJobs () (at /Users/amaurice/Documents/GitHub/unity-jar-resolver/source/VersionHandlerImpl/src/RunOnMainThread.cs:409)
Google.RunOnMainThread/<>c:<ExecuteAllUnnested>b__28_0 () (at /Users/amaurice/Documents/GitHub/unity-jar-resolver/source/VersionHandlerImpl/src/RunOnMainThread.cs:541)
Google.RunOnMainThread:RunAction (System.Action) (at /Users/amaurice/Documents/GitHub/unity-jar-resolver/source/VersionHandlerImpl/src/RunOnMainThread.cs:343)
Google.RunOnMainThread:ExecuteAllUnnested (bool) (at /Users/amaurice/Documents/GitHub/unity-jar-resolver/source/VersionHandlerImpl/src/RunOnMainThread.cs:530)
Google.RunOnMainThread/<>c:<PollOnUpdateUntilComplete>b__20_0 () (at /Users/amaurice/Documents/GitHub/unity-jar-resolver/source/VersionHandlerImpl/src/RunOnMainThread.cs:365)
Google.RunOnMainThread:RunAction (System.Action) (at /Users/amaurice/Documents/GitHub/unity-jar-resolver/source/VersionHandlerImpl/src/RunOnMainThread.cs:343)
Google.RunOnMainThread:PollOnUpdateUntilComplete (System.Func`1<bool>,bool) (at /Users/amaurice/Documents/GitHub/unity-jar-resolver/source/VersionHandlerImpl/src/RunOnMainThread.cs:363)
Google.EditorInitializer:InitializeOnMainThread (System.Func`1<bool>,System.Func`1<bool>,string,Google.Logger) (at /Users/amaurice/Documents/GitHub/unity-jar-resolver/source/VersionHandlerImpl/src/EditorInitializer.cs:48)
Firebase.Editor.GenerateXmlFromGoogleServicesJson:.cctor () (at /Users/runner/work/firebase-unity-sdk/firebase-unity-sdk/editor/app/src/GenerateXmlFromGoogleServicesJson.cs:98)
System.Runtime.CompilerServices.RuntimeHelpers:RunClassConstructor (System.RuntimeTypeHandle)
UnityEditor.EditorAssemblies:ProcessInitializeOnLoadAttributes (System.Type[])

(Filename: /Users/amaurice/Documents/GitHub/unity-jar-resolver/source/VersionHandlerImpl/src/VersionHandlerImpl.cs Line: 2580)

Parsing manifest 'Packages\com.betta.unity.sdk\Service\Services\ServiceFirebase\com.google.firebase.crashlytics\Firebase\Editor\FirebaseCrashlytics_version-13.6.0_manifest.txt' of package 'Firebase Crashlytics'
UnityEngine.Debug:ExtractStackTraceNoAlloc (byte*,int,string)
UnityEngine.StackTraceUtility:ExtractStackTrace ()
UnityEngine.DebugLogHandler:Internal_Log (UnityEngine.LogType,UnityEngine.LogOption,string,UnityEngine.Object)
UnityEngine.DebugLogHandler:LogFormat (UnityEngine.LogType,UnityEngine.Object,string,object[])
UnityEngine.Logger:Log (UnityEngine.LogType,object)
UnityEngine.Debug:Log (object)
Google.Logger:Log (string,Google.LogLevel) (at /Users/amaurice/Documents/GitHub/unity-jar-resolver/source/VersionHandlerImpl/src/Logger.cs:124)
Google.VersionHandlerImpl:Log (string,bool,Google.LogLevel) (at /Users/amaurice/Documents/GitHub/unity-jar-resolver/source/VersionHandlerImpl/src/VersionHandlerImpl.cs:2580)
Google.VersionHandlerImpl/ManifestReferences:ParseManifests (Google.VersionHandlerImpl/FileMetadataByVersion,Google.VersionHandlerImpl/FileMetadataSet) (at /Users/amaurice/Documents/GitHub/unity-jar-resolver/source/VersionHandlerImpl/src/VersionHandlerImpl.cs:1832)
Google.VersionHandlerImpl/ManifestReferences:FindAndReadManifestsByPackageName (Google.VersionHandlerImpl/FileMetadataSet) (at /Users/amaurice/Documents/GitHub/unity-jar-resolver/source/VersionHandlerImpl/src/VersionHandlerImpl.cs:1925)
Google.VersionHandlerImpl/ManifestReferences:FindAndReadManifests () (at /Users/amaurice/Documents/GitHub/unity-jar-resolver/source/VersionHandlerImpl/src/VersionHandlerImpl.cs:1953)
Firebase.Editor.Measurement:get_BaseQuery () (at /Users/runner/work/firebase-unity-sdk/firebase-unity-sdk/editor/app/src/Measurement.cs:55)
Firebase.Editor.Measurement:.cctor () (at /Users/runner/work/firebase-unity-sdk/firebase-unity-sdk/editor/app/src/Measurement.cs:38)
Firebase.Editor.GenerateXmlFromGoogleServicesJson:RunResourceGenerator (System.Collections.Generic.IEnumerable`1<string>,string,bool) (at /Users/runner/work/firebase-unity-sdk/firebase-unity-sdk/editor/app/src/GenerateXmlFromGoogleServicesJson.cs:535)
Firebase.Editor.GenerateXmlFromGoogleServicesJson:ReadBundleIds (string) (at /Users/runner/work/firebase-unity-sdk/firebase-unity-sdk/editor/app/src/GenerateXmlFromGoogleServicesJson.cs:409)
Firebase.Editor.GenerateXmlFromGoogleServicesJson:UpdateConfigFileDirectory () (at /Users/runner/work/firebase-unity-sdk/firebase-unity-sdk/editor/app/src/GenerateXmlFromGoogleServicesJson.cs:297)
Firebase.Editor.GenerateXmlFromGoogleServicesJson:CheckConfiguration () (at /Users/runner/work/firebase-unity-sdk/firebase-unity-sdk/editor/app/src/GenerateXmlFromGoogleServicesJson.cs:248)
Firebase.Editor.GenerateXmlFromGoogleServicesJson/<>c:<.cctor>b__15_1 () (at /Users/runner/work/firebase-unity-sdk/firebase-unity-sdk/editor/app/src/GenerateXmlFromGoogleServicesJson.cs:103)
Google.EditorInitializer/<>c__DisplayClass0_0:<InitializeOnMainThread>b__0 () (at /Users/amaurice/Documents/GitHub/unity-jar-resolver/source/VersionHandlerImpl/src/EditorInitializer.cs:60)
Google.RunOnMainThread:ExecutePollingJobs () (at /Users/amaurice/Documents/GitHub/unity-jar-resolver/source/VersionHandlerImpl/src/RunOnMainThread.cs:409)
Google.RunOnMainThread/<>c:<ExecuteAllUnnested>b__28_0 () (at /Users/amaurice/Documents/GitHub/unity-jar-resolver/source/VersionHandlerImpl/src/RunOnMainThread.cs:541)
Google.RunOnMainThread:RunAction (System.Action) (at /Users/amaurice/Documents/GitHub/unity-jar-resolver/source/VersionHandlerImpl/src/RunOnMainThread.cs:343)
Google.RunOnMainThread:ExecuteAllUnnested (bool) (at /Users/amaurice/Documents/GitHub/unity-jar-resolver/source/VersionHandlerImpl/src/RunOnMainThread.cs:530)
Google.RunOnMainThread/<>c:<PollOnUpdateUntilComplete>b__20_0 () (at /Users/amaurice/Documents/GitHub/unity-jar-resolver/source/VersionHandlerImpl/src/RunOnMainThread.cs:365)
Google.RunOnMainThread:RunAction (System.Action) (at /Users/amaurice/Documents/GitHub/unity-jar-resolver/source/VersionHandlerImpl/src/RunOnMainThread.cs:343)
Google.RunOnMainThread:PollOnUpdateUntilComplete (System.Func`1<bool>,bool) (at /Users/amaurice/Documents/GitHub/unity-jar-resolver/source/VersionHandlerImpl/src/RunOnMainThread.cs:363)
Google.EditorInitializer:InitializeOnMainThread (System.Func`1<bool>,System.Func`1<bool>,string,Google.Logger) (at /Users/amaurice/Documents/GitHub/unity-jar-resolver/source/VersionHandlerImpl/src/EditorInitializer.cs:48)
Firebase.Editor.GenerateXmlFromGoogleServicesJson:.cctor () (at /Users/runner/work/firebase-unity-sdk/firebase-unity-sdk/editor/app/src/GenerateXmlFromGoogleServicesJson.cs:98)
System.Runtime.CompilerServices.RuntimeHelpers:RunClassConstructor (System.RuntimeTypeHandle)
UnityEditor.EditorAssemblies:ProcessInitializeOnLoadAttributes (System.Type[])

(Filename: /Users/amaurice/Documents/GitHub/unity-jar-resolver/source/VersionHandlerImpl/src/VersionHandlerImpl.cs Line: 2580)

'Firebase Crashlytics' Manifest:
Current files:
Assets\Firebase\Editor\CrashlyticsDependencies.xml
Assets\Firebase\Editor\Firebase.Crashlytics.Editor.dll
Assets\Firebase\Editor\Firebase.Crashlytics.Editor.pdb
Assets\Firebase\m2repository\com\google\firebase\firebase-crashlytics-unity\13.6.0\firebase-crashlytics-unity-13.6.0.pom
Assets\Firebase\m2repository\com\google\firebase\firebase-crashlytics-unity\13.6.0\firebase-crashlytics-unity-13.6.0.srcaar
Assets\Firebase\m2repository\com\google\firebase\firebase-crashlytics-unity\maven-metadata.xml
Assets\Firebase\Plugins\Firebase.Crashlytics.dll
Assets\Firebase\Plugins\Firebase.Crashlytics.pdb
Assets\Firebase\Plugins\iOS\Firebase.Crashlytics.dll
Assets\Firebase\Plugins\iOS\Firebase.Crashlytics.pdb
Assets\package.json
Assets\Plugins\iOS\Firebase\libFirebaseCppCrashlytics.a
Assets\Plugins\tvOS\Firebase\libFirebaseCppCrashlytics.a
UnityEngine.Debug:ExtractStackTraceNoAlloc (byte*,int,string)
UnityEngine.StackTraceUtility:ExtractStackTrace ()
UnityEngine.DebugLogHandler:Internal_Log (UnityEngine.LogType,UnityEngine.LogOption,string,UnityEngine.Object)
UnityEngine.DebugLogHandler:LogFormat (UnityEngine.LogType,UnityEngine.Object,string,object[])
UnityEngine.Logger:Log (UnityEngine.LogType,object)
UnityEngine.Debug:Log (object)
Google.Logger:Log (string,Google.LogLevel) (at /Users/amaurice/Documents/GitHub/unity-jar-resolver/source/VersionHandlerImpl/src/Logger.cs:124)
Google.VersionHandlerImpl:Log (string,bool,Google.LogLevel) (at /Users/amaurice/Documents/GitHub/unity-jar-resolver/source/VersionHandlerImpl/src/VersionHandlerImpl.cs:2580)
Google.VersionHandlerImpl/ManifestReferences:ParseManifests (Google.VersionHandlerImpl/FileMetadataByVersion,Google.VersionHandlerImpl/FileMetadataSet) (at /Users/amaurice/Documents/GitHub/unity-jar-resolver/source/VersionHandlerImpl/src/VersionHandlerImpl.cs:1883)
Google.VersionHandlerImpl/ManifestReferences:FindAndReadManifestsByPackageName (Google.VersionHandlerImpl/FileMetadataSet) (at /Users/amaurice/Documents/GitHub/unity-jar-resolver/source/VersionHandlerImpl/src/VersionHandlerImpl.cs:1925)
Google.VersionHandlerImpl/ManifestReferences:FindAndReadManifests () (at /Users/amaurice/Documents/GitHub/unity-jar-resolver/source/VersionHandlerImpl/src/VersionHandlerImpl.cs:1953)
Firebase.Editor.Measurement:get_BaseQuery () (at /Users/runner/work/firebase-unity-sdk/firebase-unity-sdk/editor/app/src/Measurement.cs:55)
Firebase.Editor.Measurement:.cctor () (at /Users/runner/work/firebase-unity-sdk/firebase-unity-sdk/editor/app/src/Measurement.cs:38)
Firebase.Editor.GenerateXmlFromGoogleServicesJson:RunResourceGenerator (System.Collections.Generic.IEnumerable`1<string>,string,bool) (at /Users/runner/work/firebase-unity-sdk/firebase-unity-sdk/editor/app/src/GenerateXmlFromGoogleServicesJson.cs:535)
Firebase.Editor.GenerateXmlFromGoogleServicesJson:ReadBundleIds (string) (at /Users/runner/work/firebase-unity-sdk/firebase-unity-sdk/editor/app/src/GenerateXmlFromGoogleServicesJson.cs:409)
Firebase.Editor.GenerateXmlFromGoogleServicesJson:UpdateConfigFileDirectory () (at /Users/runner/work/firebase-unity-sdk/firebase-unity-sdk/editor/app/src/GenerateXmlFromGoogleServicesJson.cs:297)
Firebase.Editor.GenerateXmlFromGoogleServicesJson:CheckConfiguration () (at /Users/runner/work/firebase-unity-sdk/firebase-unity-sdk/editor/app/src/GenerateXmlFromGoogleServicesJson.cs:248)
Firebase.Editor.GenerateXmlFromGoogleServicesJson/<>c:<.cctor>b__15_1 () (at /Users/runner/work/firebase-unity-sdk/firebase-unity-sdk/editor/app/src/GenerateXmlFromGoogleServicesJson.cs:103)
Google.EditorInitializer/<>c__DisplayClass0_0:<InitializeOnMainThread>b__0 () (at /Users/amaurice/Documents/GitHub/unity-jar-resolver/source/VersionHandlerImpl/src/EditorInitializer.cs:60)
Google.RunOnMainThread:ExecutePollingJobs () (at /Users/amaurice/Documents/GitHub/unity-jar-resolver/source/VersionHandlerImpl/src/RunOnMainThread.cs:409)
Google.RunOnMainThread/<>c:<ExecuteAllUnnested>b__28_0 () (at /Users/amaurice/Documents/GitHub/unity-jar-resolver/source/VersionHandlerImpl/src/RunOnMainThread.cs:541)
Google.RunOnMainThread:RunAction (System.Action) (at /Users/amaurice/Documents/GitHub/unity-jar-resolver/source/VersionHandlerImpl/src/RunOnMainThread.cs:343)
Google.RunOnMainThread:ExecuteAllUnnested (bool) (at /Users/amaurice/Documents/GitHub/unity-jar-resolver/source/VersionHandlerImpl/src/RunOnMainThread.cs:530)
Google.RunOnMainThread/<>c:<PollOnUpdateUntilComplete>b__20_0 () (at /Users/amaurice/Documents/GitHub/unity-jar-resolver/source/VersionHandlerImpl/src/RunOnMainThread.cs:365)
Google.RunOnMainThread:RunAction (System.Action) (at /Users/amaurice/Documents/GitHub/unity-jar-resolver/source/VersionHandlerImpl/src/RunOnMainThread.cs:343)
Google.RunOnMainThread:PollOnUpdateUntilComplete (System.Func`1<bool>,bool) (at /Users/amaurice/Documents/GitHub/unity-jar-resolver/source/VersionHandlerImpl/src/RunOnMainThread.cs:363)
Google.EditorInitializer:InitializeOnMainThread (System.Func`1<bool>,System.Func`1<bool>,string,Google.Logger) (at /Users/amaurice/Documents/GitHub/unity-jar-resolver/source/VersionHandlerImpl/src/EditorInitializer.cs:48)
Firebase.Editor.GenerateXmlFromGoogleServicesJson:.cctor () (at /Users/runner/work/firebase-unity-sdk/firebase-unity-sdk/editor/app/src/GenerateXmlFromGoogleServicesJson.cs:98)
System.Runtime.CompilerServices.RuntimeHelpers:RunClassConstructor (System.RuntimeTypeHandle)
UnityEditor.EditorAssemblies:ProcessInitializeOnLoadAttributes (System.Type[])

(Filename: /Users/amaurice/Documents/GitHub/unity-jar-resolver/source/VersionHandlerImpl/src/VersionHandlerImpl.cs Line: 2580)

Parsing manifest 'Packages\com.betta.unity.sdk\Service\Services\ServiceFirebase\com.google.firebase.messaging\Firebase\Editor\FirebaseMessaging_version-13.6.0_manifest.txt' of package 'Firebase Cloud Messaging'
UnityEngine.Debug:ExtractStackTraceNoAlloc (byte*,int,string)
UnityEngine.StackTraceUtility:ExtractStackTrace ()
UnityEngine.DebugLogHandler:Internal_Log (UnityEngine.LogType,UnityEngine.LogOption,string,UnityEngine.Object)
UnityEngine.DebugLogHandler:LogFormat (UnityEngine.LogType,UnityEngine.Object,string,object[])
UnityEngine.Logger:Log (UnityEngine.LogType,object)
UnityEngine.Debug:Log (object)
Google.Logger:Log (string,Google.LogLevel) (at /Users/amaurice/Documents/GitHub/unity-jar-resolver/source/VersionHandlerImpl/src/Logger.cs:124)
Google.VersionHandlerImpl:Log (string,bool,Google.LogLevel) (at /Users/amaurice/Documents/GitHub/unity-jar-resolver/source/VersionHandlerImpl/src/VersionHandlerImpl.cs:2580)
Google.VersionHandlerImpl/ManifestReferences:ParseManifests (Google.VersionHandlerImpl/FileMetadataByVersion,Google.VersionHandlerImpl/FileMetadataSet) (at /Users/amaurice/Documents/GitHub/unity-jar-resolver/source/VersionHandlerImpl/src/VersionHandlerImpl.cs:1832)
Google.VersionHandlerImpl/ManifestReferences:FindAndReadManifestsByPackageName (Google.VersionHandlerImpl/FileMetadataSet) (at /Users/amaurice/Documents/GitHub/unity-jar-resolver/source/VersionHandlerImpl/src/VersionHandlerImpl.cs:1925)
Google.VersionHandlerImpl/ManifestReferences:FindAndReadManifests () (at /Users/amaurice/Documents/GitHub/unity-jar-resolver/source/VersionHandlerImpl/src/VersionHandlerImpl.cs:1953)
Firebase.Editor.Measurement:get_BaseQuery () (at /Users/runner/work/firebase-unity-sdk/firebase-unity-sdk/editor/app/src/Measurement.cs:55)
Firebase.Editor.Measurement:.cctor () (at /Users/runner/work/firebase-unity-sdk/firebase-unity-sdk/editor/app/src/Measurement.cs:38)
Firebase.Editor.GenerateXmlFromGoogleServicesJson:RunResourceGenerator (System.Collections.Generic.IEnumerable`1<string>,string,bool) (at /Users/runner/work/firebase-unity-sdk/firebase-unity-sdk/editor/app/src/GenerateXmlFromGoogleServicesJson.cs:535)
Firebase.Editor.GenerateXmlFromGoogleServicesJson:ReadBundleIds (string) (at /Users/runner/work/firebase-unity-sdk/firebase-unity-sdk/editor/app/src/GenerateXmlFromGoogleServicesJson.cs:409)
Firebase.Editor.GenerateXmlFromGoogleServicesJson:UpdateConfigFileDirectory () (at /Users/runner/work/firebase-unity-sdk/firebase-unity-sdk/editor/app/src/GenerateXmlFromGoogleServicesJson.cs:297)
Firebase.Editor.GenerateXmlFromGoogleServicesJson:CheckConfiguration () (at /Users/runner/work/firebase-unity-sdk/firebase-unity-sdk/editor/app/src/GenerateXmlFromGoogleServicesJson.cs:248)
Firebase.Editor.GenerateXmlFromGoogleServicesJson/<>c:<.cctor>b__15_1 () (at /Users/runner/work/firebase-unity-sdk/firebase-unity-sdk/editor/app/src/GenerateXmlFromGoogleServicesJson.cs:103)
Google.EditorInitializer/<>c__DisplayClass0_0:<InitializeOnMainThread>b__0 () (at /Users/amaurice/Documents/GitHub/unity-jar-resolver/source/VersionHandlerImpl/src/EditorInitializer.cs:60)
Google.RunOnMainThread:ExecutePollingJobs () (at /Users/amaurice/Documents/GitHub/unity-jar-resolver/source/VersionHandlerImpl/src/RunOnMainThread.cs:409)
Google.RunOnMainThread/<>c:<ExecuteAllUnnested>b__28_0 () (at /Users/amaurice/Documents/GitHub/unity-jar-resolver/source/VersionHandlerImpl/src/RunOnMainThread.cs:541)
Google.RunOnMainThread:RunAction (System.Action) (at /Users/amaurice/Documents/GitHub/unity-jar-resolver/source/VersionHandlerImpl/src/RunOnMainThread.cs:343)
Google.RunOnMainThread:ExecuteAllUnnested (bool) (at /Users/amaurice/Documents/GitHub/unity-jar-resolver/source/VersionHandlerImpl/src/RunOnMainThread.cs:530)
Google.RunOnMainThread/<>c:<PollOnUpdateUntilComplete>b__20_0 () (at /Users/amaurice/Documents/GitHub/unity-jar-resolver/source/VersionHandlerImpl/src/RunOnMainThread.cs:365)
Google.RunOnMainThread:RunAction (System.Action) (at /Users/amaurice/Documents/GitHub/unity-jar-resolver/source/VersionHandlerImpl/src/RunOnMainThread.cs:343)
Google.RunOnMainThread:PollOnUpdateUntilComplete (System.Func`1<bool>,bool) (at /Users/amaurice/Documents/GitHub/unity-jar-resolver/source/VersionHandlerImpl/src/RunOnMainThread.cs:363)
Google.EditorInitializer:InitializeOnMainThread (System.Func`1<bool>,System.Func`1<bool>,string,Google.Logger) (at /Users/amaurice/Documents/GitHub/unity-jar-resolver/source/VersionHandlerImpl/src/EditorInitializer.cs:48)
Firebase.Editor.GenerateXmlFromGoogleServicesJson:.cctor () (at /Users/runner/work/firebase-unity-sdk/firebase-unity-sdk/editor/app/src/GenerateXmlFromGoogleServicesJson.cs:98)
System.Runtime.CompilerServices.RuntimeHelpers:RunClassConstructor (System.RuntimeTypeHandle)
UnityEditor.EditorAssemblies:ProcessInitializeOnLoadAttributes (System.Type[])

(Filename: /Users/amaurice/Documents/GitHub/unity-jar-resolver/source/VersionHandlerImpl/src/VersionHandlerImpl.cs Line: 2580)

'Firebase Cloud Messaging' Manifest:
Current files:
Assets\Firebase\Editor\Firebase.Messaging.Editor.dll
Assets\Firebase\Editor\Firebase.Messaging.Editor.pdb
Assets\Firebase\Editor\Messaging\FirebaseMessagingActivityGenerator.asmdef
Assets\Firebase\Editor\Messaging\FirebaseMessagingActivityGenerator.cs
Assets\Firebase\Editor\MessagingDependencies.xml
Assets\Firebase\m2repository\com\google\firebase\firebase-messaging-unity\13.6.0\firebase-messaging-unity-13.6.0.pom
Assets\Firebase\m2repository\com\google\firebase\firebase-messaging-unity\13.6.0\firebase-messaging-unity-13.6.0.srcaar
Assets\Firebase\m2repository\com\google\firebase\firebase-messaging-unity\maven-metadata.xml
Assets\Firebase\Plugins\Android\firebase-messaging-cpp.aar
Assets\Firebase\Plugins\Firebase.Messaging.dll
Assets\Firebase\Plugins\Firebase.Messaging.pdb
Assets\Firebase\Plugins\iOS\Firebase.Messaging.dll
Assets\Firebase\Plugins\iOS\Firebase.Messaging.pdb
Assets\Firebase\Plugins\x86_64\FirebaseCppMessaging.bundle
Assets\Firebase\Plugins\x86_64\FirebaseCppMessaging.dll
Assets\Firebase\Plugins\x86_64\FirebaseCppMessaging.so
Assets\package.json
Assets\Plugins\iOS\Firebase\libFirebaseCppMessaging.a
Assets\Plugins\tvOS\Firebase\libFirebaseCppMessaging.a
UnityEngine.Debug:ExtractStackTraceNoAlloc (byte*,int,string)
UnityEngine.StackTraceUtility:ExtractStackTrace ()
UnityEngine.DebugLogHandler:Internal_Log (UnityEngine.LogType,UnityEngine.LogOption,string,UnityEngine.Object)
UnityEngine.DebugLogHandler:LogFormat (UnityEngine.LogType,UnityEngine.Object,string,object[])
UnityEngine.Logger:Log (UnityEngine.LogType,object)
UnityEngine.Debug:Log (object)
Google.Logger:Log (string,Google.LogLevel) (at /Users/amaurice/Documents/GitHub/unity-jar-resolver/source/VersionHandlerImpl/src/Logger.cs:124)
Google.VersionHandlerImpl:Log (string,bool,Google.LogLevel) (at /Users/amaurice/Documents/GitHub/unity-jar-resolver/source/VersionHandlerImpl/src/VersionHandlerImpl.cs:2580)
Google.VersionHandlerImpl/ManifestReferences:ParseManifests (Google.VersionHandlerImpl/FileMetadataByVersion,Google.VersionHandlerImpl/FileMetadataSet) (at /Users/amaurice/Documents/GitHub/unity-jar-resolver/source/VersionHandlerImpl/src/VersionHandlerImpl.cs:1883)
Google.VersionHandlerImpl/ManifestReferences:FindAndReadManifestsByPackageName (Google.VersionHandlerImpl/FileMetadataSet) (at /Users/amaurice/Documents/GitHub/unity-jar-resolver/source/VersionHandlerImpl/src/VersionHandlerImpl.cs:1925)
Google.VersionHandlerImpl/ManifestReferences:FindAndReadManifests () (at /Users/amaurice/Documents/GitHub/unity-jar-resolver/source/VersionHandlerImpl/src/VersionHandlerImpl.cs:1953)
Firebase.Editor.Measurement:get_BaseQuery () (at /Users/runner/work/firebase-unity-sdk/firebase-unity-sdk/editor/app/src/Measurement.cs:55)
Firebase.Editor.Measurement:.cctor () (at /Users/runner/work/firebase-unity-sdk/firebase-unity-sdk/editor/app/src/Measurement.cs:38)
Firebase.Editor.GenerateXmlFromGoogleServicesJson:RunResourceGenerator (System.Collections.Generic.IEnumerable`1<string>,string,bool) (at /Users/runner/work/firebase-unity-sdk/firebase-unity-sdk/editor/app/src/GenerateXmlFromGoogleServicesJson.cs:535)
Firebase.Editor.GenerateXmlFromGoogleServicesJson:ReadBundleIds (string) (at /Users/runner/work/firebase-unity-sdk/firebase-unity-sdk/editor/app/src/GenerateXmlFromGoogleServicesJson.cs:409)
Firebase.Editor.GenerateXmlFromGoogleServicesJson:UpdateConfigFileDirectory () (at /Users/runner/work/firebase-unity-sdk/firebase-unity-sdk/editor/app/src/GenerateXmlFromGoogleServicesJson.cs:297)
Firebase.Editor.GenerateXmlFromGoogleServicesJson:CheckConfiguration () (at /Users/runner/work/firebase-unity-sdk/firebase-unity-sdk/editor/app/src/GenerateXmlFromGoogleServicesJson.cs:248)
Firebase.Editor.GenerateXmlFromGoogleServicesJson/<>c:<.cctor>b__15_1 () (at /Users/runner/work/firebase-unity-sdk/firebase-unity-sdk/editor/app/src/GenerateXmlFromGoogleServicesJson.cs:103)
Google.EditorInitializer/<>c__DisplayClass0_0:<InitializeOnMainThread>b__0 () (at /Users/amaurice/Documents/GitHub/unity-jar-resolver/source/VersionHandlerImpl/src/EditorInitializer.cs:60)
Google.RunOnMainThread:ExecutePollingJobs () (at /Users/amaurice/Documents/GitHub/unity-jar-resolver/source/VersionHandlerImpl/src/RunOnMainThread.cs:409)
Google.RunOnMainThread/<>c:<ExecuteAllUnnested>b__28_0 () (at /Users/amaurice/Documents/GitHub/unity-jar-resolver/source/VersionHandlerImpl/src/RunOnMainThread.cs:541)
Google.RunOnMainThread:RunAction (System.Action) (at /Users/amaurice/Documents/GitHub/unity-jar-resolver/source/VersionHandlerImpl/src/RunOnMainThread.cs:343)
Google.RunOnMainThread:ExecuteAllUnnested (bool) (at /Users/amaurice/Documents/GitHub/unity-jar-resolver/source/VersionHandlerImpl/src/RunOnMainThread.cs:530)
Google.RunOnMainThread/<>c:<PollOnUpdateUntilComplete>b__20_0 () (at /Users/amaurice/Documents/GitHub/unity-jar-resolver/source/VersionHandlerImpl/src/RunOnMainThread.cs:365)
Google.RunOnMainThread:RunAction (System.Action) (at /Users/amaurice/Documents/GitHub/unity-jar-resolver/source/VersionHandlerImpl/src/RunOnMainThread.cs:343)
Google.RunOnMainThread:PollOnUpdateUntilComplete (System.Func`1<bool>,bool) (at /Users/amaurice/Documents/GitHub/unity-jar-resolver/source/VersionHandlerImpl/src/RunOnMainThread.cs:363)
Google.EditorInitializer:InitializeOnMainThread (System.Func`1<bool>,System.Func`1<bool>,string,Google.Logger) (at /Users/amaurice/Documents/GitHub/unity-jar-resolver/source/VersionHandlerImpl/src/EditorInitializer.cs:48)
Firebase.Editor.GenerateXmlFromGoogleServicesJson:.cctor () (at /Users/runner/work/firebase-unity-sdk/firebase-unity-sdk/editor/app/src/GenerateXmlFromGoogleServicesJson.cs:98)
System.Runtime.CompilerServices.RuntimeHelpers:RunClassConstructor (System.RuntimeTypeHandle)
UnityEditor.EditorAssemblies:ProcessInitializeOnLoadAttributes (System.Type[])

(Filename: /Users/amaurice/Documents/GitHub/unity-jar-resolver/source/VersionHandlerImpl/src/VersionHandlerImpl.cs Line: 2580)

Parsing manifest 'Packages\com.betta.unity.sdk\Service\Services\ServiceGoogle\google-signin-unity\GoogleSignIn\Editor\google-signin-plugin_v1.0.4.txt' of package 'google-signin-plugin'
UnityEngine.Debug:ExtractStackTraceNoAlloc (byte*,int,string)
UnityEngine.StackTraceUtility:ExtractStackTrace ()
UnityEngine.DebugLogHandler:Internal_Log (UnityEngine.LogType,UnityEngine.LogOption,string,UnityEngine.Object)
UnityEngine.DebugLogHandler:LogFormat (UnityEngine.LogType,UnityEngine.Object,string,object[])
UnityEngine.Logger:Log (UnityEngine.LogType,object)
UnityEngine.Debug:Log (object)
Google.Logger:Log (string,Google.LogLevel) (at /Users/amaurice/Documents/GitHub/unity-jar-resolver/source/VersionHandlerImpl/src/Logger.cs:124)
Google.VersionHandlerImpl:Log (string,bool,Google.LogLevel) (at /Users/amaurice/Documents/GitHub/unity-jar-resolver/source/VersionHandlerImpl/src/VersionHandlerImpl.cs:2580)
Google.VersionHandlerImpl/ManifestReferences:ParseManifests (Google.VersionHandlerImpl/FileMetadataByVersion,Google.VersionHandlerImpl/FileMetadataSet) (at /Users/amaurice/Documents/GitHub/unity-jar-resolver/source/VersionHandlerImpl/src/VersionHandlerImpl.cs:1832)
Google.VersionHandlerImpl/ManifestReferences:FindAndReadManifestsByPackageName (Google.VersionHandlerImpl/FileMetadataSet) (at /Users/amaurice/Documents/GitHub/unity-jar-resolver/source/VersionHandlerImpl/src/VersionHandlerImpl.cs:1925)
Google.VersionHandlerImpl/ManifestReferences:FindAndReadManifests () (at /Users/amaurice/Documents/GitHub/unity-jar-resolver/source/VersionHandlerImpl/src/VersionHandlerImpl.cs:1953)
Firebase.Editor.Measurement:get_BaseQuery () (at /Users/runner/work/firebase-unity-sdk/firebase-unity-sdk/editor/app/src/Measurement.cs:55)
Firebase.Editor.Measurement:.cctor () (at /Users/runner/work/firebase-unity-sdk/firebase-unity-sdk/editor/app/src/Measurement.cs:38)
Firebase.Editor.GenerateXmlFromGoogleServicesJson:RunResourceGenerator (System.Collections.Generic.IEnumerable`1<string>,string,bool) (at /Users/runner/work/firebase-unity-sdk/firebase-unity-sdk/editor/app/src/GenerateXmlFromGoogleServicesJson.cs:535)
Firebase.Editor.GenerateXmlFromGoogleServicesJson:ReadBundleIds (string) (at /Users/runner/work/firebase-unity-sdk/firebase-unity-sdk/editor/app/src/GenerateXmlFromGoogleServicesJson.cs:409)
Firebase.Editor.GenerateXmlFromGoogleServicesJson:UpdateConfigFileDirectory () (at /Users/runner/work/firebase-unity-sdk/firebase-unity-sdk/editor/app/src/GenerateXmlFromGoogleServicesJson.cs:297)
Firebase.Editor.GenerateXmlFromGoogleServicesJson:CheckConfiguration () (at /Users/runner/work/firebase-unity-sdk/firebase-unity-sdk/editor/app/src/GenerateXmlFromGoogleServicesJson.cs:248)
Firebase.Editor.GenerateXmlFromGoogleServicesJson/<>c:<.cctor>b__15_1 () (at /Users/runner/work/firebase-unity-sdk/firebase-unity-sdk/editor/app/src/GenerateXmlFromGoogleServicesJson.cs:103)
Google.EditorInitializer/<>c__DisplayClass0_0:<InitializeOnMainThread>b__0 () (at /Users/amaurice/Documents/GitHub/unity-jar-resolver/source/VersionHandlerImpl/src/EditorInitializer.cs:60)
Google.RunOnMainThread:ExecutePollingJobs () (at /Users/amaurice/Documents/GitHub/unity-jar-resolver/source/VersionHandlerImpl/src/RunOnMainThread.cs:409)
Google.RunOnMainThread/<>c:<ExecuteAllUnnested>b__28_0 () (at /Users/amaurice/Documents/GitHub/unity-jar-resolver/source/VersionHandlerImpl/src/RunOnMainThread.cs:541)
Google.RunOnMainThread:RunAction (System.Action) (at /Users/amaurice/Documents/GitHub/unity-jar-resolver/source/VersionHandlerImpl/src/RunOnMainThread.cs:343)
Google.RunOnMainThread:ExecuteAllUnnested (bool) (at /Users/amaurice/Documents/GitHub/unity-jar-resolver/source/VersionHandlerImpl/src/RunOnMainThread.cs:530)
Google.RunOnMainThread/<>c:<PollOnUpdateUntilComplete>b__20_0 () (at /Users/amaurice/Documents/GitHub/unity-jar-resolver/source/VersionHandlerImpl/src/RunOnMainThread.cs:365)
Google.RunOnMainThread:RunAction (System.Action) (at /Users/amaurice/Documents/GitHub/unity-jar-resolver/source/VersionHandlerImpl/src/RunOnMainThread.cs:343)
Google.RunOnMainThread:PollOnUpdateUntilComplete (System.Func`1<bool>,bool) (at /Users/amaurice/Documents/GitHub/unity-jar-resolver/source/VersionHandlerImpl/src/RunOnMainThread.cs:363)
Google.EditorInitializer:InitializeOnMainThread (System.Func`1<bool>,System.Func`1<bool>,string,Google.Logger) (at /Users/amaurice/Documents/GitHub/unity-jar-resolver/source/VersionHandlerImpl/src/EditorInitializer.cs:48)
Firebase.Editor.GenerateXmlFromGoogleServicesJson:.cctor () (at /Users/runner/work/firebase-unity-sdk/firebase-unity-sdk/editor/app/src/GenerateXmlFromGoogleServicesJson.cs:98)
System.Runtime.CompilerServices.RuntimeHelpers:RunClassConstructor (System.RuntimeTypeHandle)
UnityEditor.EditorAssemblies:ProcessInitializeOnLoadAttributes (System.Type[])

(Filename: /Users/amaurice/Documents/GitHub/unity-jar-resolver/source/VersionHandlerImpl/src/VersionHandlerImpl.cs Line: 2580)

'google-signin-plugin' Manifest:
Current files:
Assets\GoogleSignIn\Editor\GoogleSignInDependencies.xml
Assets\GoogleSignIn\Editor\GoogleSignInSupportDependencies.xml
Assets\GoogleSignIn\Editor\m2repository\com\google\signin\google-signin-support\1.0.4\google-signin-support-1.0.4.pom
Assets\GoogleSignIn\Editor\m2repository\com\google\signin\google-signin-support\1.0.4\google-signin-support-1.0.4.pom.md5
Assets\GoogleSignIn\Editor\m2repository\com\google\signin\google-signin-support\1.0.4\google-signin-support-1.0.4.pom.sha1
Assets\GoogleSignIn\Editor\m2repository\com\google\signin\google-signin-support\1.0.4\google-signin-support-1.0.4.srcaar
Assets\GoogleSignIn\Editor\m2repository\com\google\signin\google-signin-support\1.0.4\google-signin-support-1.0.4.srcaar.md5
Assets\GoogleSignIn\Editor\m2repository\com\google\signin\google-signin-support\1.0.4\google-signin-support-1.0.4.srcaar.sha1
Assets\GoogleSignIn\Editor\m2repository\com\google\signin\google-signin-support\maven-metadata.xml
Assets\GoogleSignIn\Editor\m2repository\com\google\signin\google-signin-support\maven-metadata.xml.md5
Assets\GoogleSignIn\Editor\m2repository\com\google\signin\google-signin-support\maven-metadata.xml.sha1
Assets\GoogleSignIn\Future.cs
Assets\GoogleSignIn\GoogleSignIn.cs
Assets\GoogleSignIn\GoogleSignInConfiguration.cs
Assets\GoogleSignIn\GoogleSignInStatusCode.cs
Assets\GoogleSignIn\GoogleSignInUser.cs
Assets\GoogleSignIn\Impl\BaseObject.cs
Assets\GoogleSignIn\Impl\GoogleSignInImpl.cs
Assets\GoogleSignIn\Impl\NativeFuture.cs
Assets\GoogleSignIn\Impl\SignInHelperObject.cs
Assets\Parse\LICENSE
Assets\Parse\Plugins\Unity.Compat.dll
Assets\Parse\Plugins\Unity.Tasks.dll
Assets\PlayServicesResolver\Editor\Google.IOSResolver_v1.2.89.0.dll
Assets\PlayServicesResolver\Editor\Google.JarResolver_v1.2.89.0.dll
Assets\PlayServicesResolver\Editor\Google.VersionHandler.dll
Assets\PlayServicesResolver\Editor\Google.VersionHandlerImpl_v1.2.89.0.dll
Assets\Plugins\iOS\GoogleSignIn\GoogleSignIn.h
Assets\Plugins\iOS\GoogleSignIn\GoogleSignIn.mm
Assets\Plugins\iOS\GoogleSignIn\GoogleSignInAppController.h
Assets\Plugins\iOS\GoogleSignIn\GoogleSignInAppController.mm
Assets\SignInSample\MainScene.unity
Assets\SignInSample\SigninSampleScript.cs
UnityEngine.Debug:ExtractStackTraceNoAlloc (byte*,int,string)
UnityEngine.StackTraceUtility:ExtractStackTrace ()
UnityEngine.DebugLogHandler:Internal_Log (UnityEngine.LogType,UnityEngine.LogOption,string,UnityEngine.Object)
UnityEngine.DebugLogHandler:LogFormat (UnityEngine.LogType,UnityEngine.Object,string,object[])
UnityEngine.Logger:Log (UnityEngine.LogType,object)
UnityEngine.Debug:Log (object)
Google.Logger:Log (string,Google.LogLevel) (at /Users/amaurice/Documents/GitHub/unity-jar-resolver/source/VersionHandlerImpl/src/Logger.cs:124)
Google.VersionHandlerImpl:Log (string,bool,Google.LogLevel) (at /Users/amaurice/Documents/GitHub/unity-jar-resolver/source/VersionHandlerImpl/src/VersionHandlerImpl.cs:2580)
Google.VersionHandlerImpl/ManifestReferences:ParseManifests (Google.VersionHandlerImpl/FileMetadataByVersion,Google.VersionHandlerImpl/FileMetadataSet) (at /Users/amaurice/Documents/GitHub/unity-jar-resolver/source/VersionHandlerImpl/src/VersionHandlerImpl.cs:1883)
Google.VersionHandlerImpl/ManifestReferences:FindAndReadManifestsByPackageName (Google.VersionHandlerImpl/FileMetadataSet) (at /Users/amaurice/Documents/GitHub/unity-jar-resolver/source/VersionHandlerImpl/src/VersionHandlerImpl.cs:1925)
Google.VersionHandlerImpl/ManifestReferences:FindAndReadManifests () (at /Users/amaurice/Documents/GitHub/unity-jar-resolver/source/VersionHandlerImpl/src/VersionHandlerImpl.cs:1953)
Firebase.Editor.Measurement:get_BaseQuery () (at /Users/runner/work/firebase-unity-sdk/firebase-unity-sdk/editor/app/src/Measurement.cs:55)
Firebase.Editor.Measurement:.cctor () (at /Users/runner/work/firebase-unity-sdk/firebase-unity-sdk/editor/app/src/Measurement.cs:38)
Firebase.Editor.GenerateXmlFromGoogleServicesJson:RunResourceGenerator (System.Collections.Generic.IEnumerable`1<string>,string,bool) (at /Users/runner/work/firebase-unity-sdk/firebase-unity-sdk/editor/app/src/GenerateXmlFromGoogleServicesJson.cs:535)
Firebase.Editor.GenerateXmlFromGoogleServicesJson:ReadBundleIds (string) (at /Users/runner/work/firebase-unity-sdk/firebase-unity-sdk/editor/app/src/GenerateXmlFromGoogleServicesJson.cs:409)
Firebase.Editor.GenerateXmlFromGoogleServicesJson:UpdateConfigFileDirectory () (at /Users/runner/work/firebase-unity-sdk/firebase-unity-sdk/editor/app/src/GenerateXmlFromGoogleServicesJson.cs:297)
Firebase.Editor.GenerateXmlFromGoogleServicesJson:CheckConfiguration () (at /Users/runner/work/firebase-unity-sdk/firebase-unity-sdk/editor/app/src/GenerateXmlFromGoogleServicesJson.cs:248)
Firebase.Editor.GenerateXmlFromGoogleServicesJson/<>c:<.cctor>b__15_1 () (at /Users/runner/work/firebase-unity-sdk/firebase-unity-sdk/editor/app/src/GenerateXmlFromGoogleServicesJson.cs:103)
Google.EditorInitializer/<>c__DisplayClass0_0:<InitializeOnMainThread>b__0 () (at /Users/amaurice/Documents/GitHub/unity-jar-resolver/source/VersionHandlerImpl/src/EditorInitializer.cs:60)
Google.RunOnMainThread:ExecutePollingJobs () (at /Users/amaurice/Documents/GitHub/unity-jar-resolver/source/VersionHandlerImpl/src/RunOnMainThread.cs:409)
Google.RunOnMainThread/<>c:<ExecuteAllUnnested>b__28_0 () (at /Users/amaurice/Documents/GitHub/unity-jar-resolver/source/VersionHandlerImpl/src/RunOnMainThread.cs:541)
Google.RunOnMainThread:RunAction (System.Action) (at /Users/amaurice/Documents/GitHub/unity-jar-resolver/source/VersionHandlerImpl/src/RunOnMainThread.cs:343)
Google.RunOnMainThread:ExecuteAllUnnested (bool) (at /Users/amaurice/Documents/GitHub/unity-jar-resolver/source/VersionHandlerImpl/src/RunOnMainThread.cs:530)
Google.RunOnMainThread/<>c:<PollOnUpdateUntilComplete>b__20_0 () (at /Users/amaurice/Documents/GitHub/unity-jar-resolver/source/VersionHandlerImpl/src/RunOnMainThread.cs:365)
Google.RunOnMainThread:RunAction (System.Action) (at /Users/amaurice/Documents/GitHub/unity-jar-resolver/source/VersionHandlerImpl/src/RunOnMainThread.cs:343)
Google.RunOnMainThread:PollOnUpdateUntilComplete (System.Func`1<bool>,bool) (at /Users/amaurice/Documents/GitHub/unity-jar-resolver/source/VersionHandlerImpl/src/RunOnMainThread.cs:363)
Google.EditorInitializer:InitializeOnMainThread (System.Func`1<bool>,System.Func`1<bool>,string,Google.Logger) (at /Users/amaurice/Documents/GitHub/unity-jar-resolver/source/VersionHandlerImpl/src/EditorInitializer.cs:48)
Firebase.Editor.GenerateXmlFromGoogleServicesJson:.cctor () (at /Users/runner/work/firebase-unity-sdk/firebase-unity-sdk/editor/app/src/GenerateXmlFromGoogleServicesJson.cs:98)
System.Runtime.CompilerServices.RuntimeHelpers:RunClassConstructor (System.RuntimeTypeHandle)
UnityEditor.EditorAssemblies:ProcessInitializeOnLoadAttributes (System.Type[])

(Filename: /Users/amaurice/Documents/GitHub/unity-jar-resolver/source/VersionHandlerImpl/src/VersionHandlerImpl.cs Line: 2580)

Parsing manifest 'Packages\com.betta.unity.sdk\Service\Services\ServiceGoogleGame\com.google.play.games\Editor\GooglePlayGamesPlugin_v2.1.0.txt' of package 'GooglePlayGamesPlugin'
UnityEngine.Debug:ExtractStackTraceNoAlloc (byte*,int,string)
UnityEngine.StackTraceUtility:ExtractStackTrace ()
UnityEngine.DebugLogHandler:Internal_Log (UnityEngine.LogType,UnityEngine.LogOption,string,UnityEngine.Object)
UnityEngine.DebugLogHandler:LogFormat (UnityEngine.LogType,UnityEngine.Object,string,object[])
UnityEngine.Logger:Log (UnityEngine.LogType,object)
UnityEngine.Debug:Log (object)
Google.Logger:Log (string,Google.LogLevel) (at /Users/amaurice/Documents/GitHub/unity-jar-resolver/source/VersionHandlerImpl/src/Logger.cs:124)
Google.VersionHandlerImpl:Log (string,bool,Google.LogLevel) (at /Users/amaurice/Documents/GitHub/unity-jar-resolver/source/VersionHandlerImpl/src/VersionHandlerImpl.cs:2580)
Google.VersionHandlerImpl/ManifestReferences:ParseManifests (Google.VersionHandlerImpl/FileMetadataByVersion,Google.VersionHandlerImpl/FileMetadataSet) (at /Users/amaurice/Documents/GitHub/unity-jar-resolver/source/VersionHandlerImpl/src/VersionHandlerImpl.cs:1832)
Google.VersionHandlerImpl/ManifestReferences:FindAndReadManifestsByPackageName (Google.VersionHandlerImpl/FileMetadataSet) (at /Users/amaurice/Documents/GitHub/unity-jar-resolver/source/VersionHandlerImpl/src/VersionHandlerImpl.cs:1925)
Google.VersionHandlerImpl/ManifestReferences:FindAndReadManifests () (at /Users/amaurice/Documents/GitHub/unity-jar-resolver/source/VersionHandlerImpl/src/VersionHandlerImpl.cs:1953)
Firebase.Editor.Measurement:get_BaseQuery () (at /Users/runner/work/firebase-unity-sdk/firebase-unity-sdk/editor/app/src/Measurement.cs:55)
Firebase.Editor.Measurement:.cctor () (at /Users/runner/work/firebase-unity-sdk/firebase-unity-sdk/editor/app/src/Measurement.cs:38)
Firebase.Editor.GenerateXmlFromGoogleServicesJson:RunResourceGenerator (System.Collections.Generic.IEnumerable`1<string>,string,bool) (at /Users/runner/work/firebase-unity-sdk/firebase-unity-sdk/editor/app/src/GenerateXmlFromGoogleServicesJson.cs:535)
Firebase.Editor.GenerateXmlFromGoogleServicesJson:ReadBundleIds (string) (at /Users/runner/work/firebase-unity-sdk/firebase-unity-sdk/editor/app/src/GenerateXmlFromGoogleServicesJson.cs:409)
Firebase.Editor.GenerateXmlFromGoogleServicesJson:UpdateConfigFileDirectory () (at /Users/runner/work/firebase-unity-sdk/firebase-unity-sdk/editor/app/src/GenerateXmlFromGoogleServicesJson.cs:297)
Firebase.Editor.GenerateXmlFromGoogleServicesJson:CheckConfiguration () (at /Users/runner/work/firebase-unity-sdk/firebase-unity-sdk/editor/app/src/GenerateXmlFromGoogleServicesJson.cs:248)
Firebase.Editor.GenerateXmlFromGoogleServicesJson/<>c:<.cctor>b__15_1 () (at /Users/runner/work/firebase-unity-sdk/firebase-unity-sdk/editor/app/src/GenerateXmlFromGoogleServicesJson.cs:103)
Google.EditorInitializer/<>c__DisplayClass0_0:<InitializeOnMainThread>b__0 () (at /Users/amaurice/Documents/GitHub/unity-jar-resolver/source/VersionHandlerImpl/src/EditorInitializer.cs:60)
Google.RunOnMainThread:ExecutePollingJobs () (at /Users/amaurice/Documents/GitHub/unity-jar-resolver/source/VersionHandlerImpl/src/RunOnMainThread.cs:409)
Google.RunOnMainThread/<>c:<ExecuteAllUnnested>b__28_0 () (at /Users/amaurice/Documents/GitHub/unity-jar-resolver/source/VersionHandlerImpl/src/RunOnMainThread.cs:541)
Google.RunOnMainThread:RunAction (System.Action) (at /Users/amaurice/Documents/GitHub/unity-jar-resolver/source/VersionHandlerImpl/src/RunOnMainThread.cs:343)
Google.RunOnMainThread:ExecuteAllUnnested (bool) (at /Users/amaurice/Documents/GitHub/unity-jar-resolver/source/VersionHandlerImpl/src/RunOnMainThread.cs:530)
Google.RunOnMainThread/<>c:<PollOnUpdateUntilComplete>b__20_0 () (at /Users/amaurice/Documents/GitHub/unity-jar-resolver/source/VersionHandlerImpl/src/RunOnMainThread.cs:365)
Google.RunOnMainThread:RunAction (System.Action) (at /Users/amaurice/Documents/GitHub/unity-jar-resolver/source/VersionHandlerImpl/src/RunOnMainThread.cs:343)
Google.RunOnMainThread:PollOnUpdateUntilComplete (System.Func`1<bool>,bool) (at /Users/amaurice/Documents/GitHub/unity-jar-resolver/source/VersionHandlerImpl/src/RunOnMainThread.cs:363)
Google.EditorInitializer:InitializeOnMainThread (System.Func`1<bool>,System.Func`1<bool>,string,Google.Logger) (at /Users/amaurice/Documents/GitHub/unity-jar-resolver/source/VersionHandlerImpl/src/EditorInitializer.cs:48)
Firebase.Editor.GenerateXmlFromGoogleServicesJson:.cctor () (at /Users/runner/work/firebase-unity-sdk/firebase-unity-sdk/editor/app/src/GenerateXmlFromGoogleServicesJson.cs:98)
System.Runtime.CompilerServices.RuntimeHelpers:RunClassConstructor (System.RuntimeTypeHandle)
UnityEditor.EditorAssemblies:ProcessInitializeOnLoadAttributes (System.Type[])

(Filename: /Users/amaurice/Documents/GitHub/unity-jar-resolver/source/VersionHandlerImpl/src/VersionHandlerImpl.cs Line: 2580)

'GooglePlayGamesPlugin' Manifest:
Current files:
Assets\ExternalDependencyManager\Editor\1.2.182\Google.IOSResolver.dll
Assets\ExternalDependencyManager\Editor\1.2.182\Google.IOSResolver.pdb
Assets\ExternalDependencyManager\Editor\1.2.182\Google.JarResolver.dll
Assets\ExternalDependencyManager\Editor\1.2.182\Google.JarResolver.pdb
Assets\ExternalDependencyManager\Editor\1.2.182\Google.PackageManagerResolver.dll
Assets\ExternalDependencyManager\Editor\1.2.182\Google.PackageManagerResolver.pdb
Assets\ExternalDependencyManager\Editor\1.2.182\Google.VersionHandlerImpl.dll
Assets\ExternalDependencyManager\Editor\1.2.182\Google.VersionHandlerImpl.pdb
Assets\ExternalDependencyManager\Editor\CHANGELOG.md
Assets\ExternalDependencyManager\Editor\external-dependency-manager_version-1.2.182_manifest.txt
Assets\ExternalDependencyManager\Editor\Google.VersionHandler.dll
Assets\ExternalDependencyManager\Editor\Google.VersionHandler.pdb
Assets\ExternalDependencyManager\Editor\LICENSE
Assets\ExternalDependencyManager\Editor\README.md
Assets\GooglePlayGames\AssemblyInfo.cs
Assets\PlayServicesResolver\Editor\play-services-resolver_v1.2.137.0.txt
Assets\Plugins\Android\GooglePlayGamesManifest.androidlib\project.properties
Packages\BettaSDK\Service\Services\ServiceGoogleGame\com.google.play.games\current-build\GooglePlayGamesPlugin-2.0.0.unitypackage
Packages\BettaSDK\Service\Services\ServiceGoogleGame\com.google.play.games\Editor\Google.Play.Games.Editor.asmdef
Packages\BettaSDK\Service\Services\ServiceGoogleGame\com.google.play.games\Editor\GooglePlayGamesPluginDependencies.xml
Packages\BettaSDK\Service\Services\ServiceGoogleGame\com.google.play.games\Editor\GPGSAndroidSetupUI.cs
Packages\BettaSDK\Service\Services\ServiceGoogleGame\com.google.play.games\Editor\GPGSDocsUI.cs
Packages\BettaSDK\Service\Services\ServiceGoogleGame\com.google.play.games\Editor\GPGSPostBuild.cs
Packages\BettaSDK\Service\Services\ServiceGoogleGame\com.google.play.games\Editor\GPGSProjectSettings.cs
Packages\BettaSDK\Service\Services\ServiceGoogleGame\com.google.play.games\Editor\GPGSStrings.cs
Packages\BettaSDK\Service\Services\ServiceGoogleGame\com.google.play.games\Editor\GPGSUpgrader.cs
Packages\BettaSDK\Service\Services\ServiceGoogleGame\com.google.play.games\Editor\GPGSUtil.cs
Packages\BettaSDK\Service\Services\ServiceGoogleGame\com.google.play.games\Editor\m2repository\com\google\games\gpgs-plugin-support\2.1.0\gpgs-plugin-support-2.1.0.pom
Packages\BettaSDK\Service\Services\ServiceGoogleGame\com.google.play.games\Editor\m2repository\com\google\games\gpgs-plugin-support\2.1.0\gpgs-plugin-support-2.1.0.pom.md5
Packages\BettaSDK\Service\Services\ServiceGoogleGame\com.google.play.games\Editor\m2repository\com\google\games\gpgs-plugin-support\2.1.0\gpgs-plugin-support-2.1.0.pom.sha1
Packages\BettaSDK\Service\Services\ServiceGoogleGame\com.google.play.games\Editor\m2repository\com\google\games\gpgs-plugin-support\2.1.0\gpgs-plugin-support-2.1.0.pom.sha256
Packages\BettaSDK\Service\Services\ServiceGoogleGame\com.google.play.games\Editor\m2repository\com\google\games\gpgs-plugin-support\2.1.0\gpgs-plugin-support-2.1.0.pom.sha512
Packages\BettaSDK\Service\Services\ServiceGoogleGame\com.google.play.games\Editor\m2repository\com\google\games\gpgs-plugin-support\2.1.0\gpgs-plugin-support-2.1.0.srcaar
Packages\BettaSDK\Service\Services\ServiceGoogleGame\com.google.play.games\Editor\m2repository\com\google\games\gpgs-plugin-support\2.1.0\gpgs-plugin-support-2.1.0.srcaar.md5
Packages\BettaSDK\Service\Services\ServiceGoogleGame\com.google.play.games\Editor\m2repository\com\google\games\gpgs-plugin-support\2.1.0\gpgs-plugin-support-2.1.0.srcaar.sha1
Packages\BettaSDK\Service\Services\ServiceGoogleGame\com.google.play.games\Editor\m2repository\com\google\games\gpgs-plugin-support\2.1.0\gpgs-plugin-support-2.1.0.srcaar.sha256
Packages\BettaSDK\Service\Services\ServiceGoogleGame\com.google.play.games\Editor\m2repository\com\google\games\gpgs-plugin-support\2.1.0\gpgs-plugin-support-2.1.0.srcaar.sha512
Packages\BettaSDK\Service\Services\ServiceGoogleGame\com.google.play.games\Editor\m2repository\com\google\games\gpgs-plugin-support\maven-metadata.xml
Packages\BettaSDK\Service\Services\ServiceGoogleGame\com.google.play.games\Editor\m2repository\com\google\games\gpgs-plugin-support\maven-metadata.xml.md5
Packages\BettaSDK\Service\Services\ServiceGoogleGame\com.google.play.games\Editor\m2repository\com\google\games\gpgs-plugin-support\maven-metadata.xml.sha1
Packages\BettaSDK\Service\Services\ServiceGoogleGame\com.google.play.games\Editor\m2repository\com\google\games\gpgs-plugin-support\maven-metadata.xml.sha256
Packages\BettaSDK\Service\Services\ServiceGoogleGame\com.google.play.games\Editor\m2repository\com\google\games\gpgs-plugin-support\maven-metadata.xml.sha512
Packages\BettaSDK\Service\Services\ServiceGoogleGame\com.google.play.games\Editor\NearbyConnectionUI.cs
Packages\BettaSDK\Service\Services\ServiceGoogleGame\com.google.play.games\Editor\template-AndroidManifest.txt
Packages\BettaSDK\Service\Services\ServiceGoogleGame\com.google.play.games\Editor\template-Constants.txt
Packages\BettaSDK\Service\Services\ServiceGoogleGame\com.google.play.games\Editor\template-GameInfo.txt
Packages\BettaSDK\Service\Services\ServiceGoogleGame\com.google.play.games\package.json
Packages\BettaSDK\Service\Services\ServiceGoogleGame\com.google.play.games\Proguard\games.txt
Packages\BettaSDK\Service\Services\ServiceGoogleGame\com.google.play.games\Runtime\Google.Play.Games.asmdef
Packages\BettaSDK\Service\Services\ServiceGoogleGame\com.google.play.games\Runtime\Scripts\BasicApi\Achievement.cs
Packages\BettaSDK\Service\Services\ServiceGoogleGame\com.google.play.games\Runtime\Scripts\BasicApi\AuthResponse.cs
Packages\BettaSDK\Service\Services\ServiceGoogleGame\com.google.play.games\Runtime\Scripts\BasicApi\AuthScope.cs
Packages\BettaSDK\Service\Services\ServiceGoogleGame\com.google.play.games\Runtime\Scripts\BasicApi\CommonStatusCodes.cs
Packages\BettaSDK\Service\Services\ServiceGoogleGame\com.google.play.games\Runtime\Scripts\BasicApi\CommonTypes.cs
Packages\BettaSDK\Service\Services\ServiceGoogleGame\com.google.play.games\Runtime\Scripts\BasicApi\DummyClient.cs
Packages\BettaSDK\Service\Services\ServiceGoogleGame\com.google.play.games\Runtime\Scripts\BasicApi\Events\Event.cs
Packages\BettaSDK\Service\Services\ServiceGoogleGame\com.google.play.games\Runtime\Scripts\BasicApi\Events\IEvent.cs
Packages\BettaSDK\Service\Services\ServiceGoogleGame\com.google.play.games\Runtime\Scripts\BasicApi\Events\IEventsClient.cs
Packages\BettaSDK\Service\Services\ServiceGoogleGame\com.google.play.games\Runtime\Scripts\BasicApi\IPlayGamesClient.cs
Packages\BettaSDK\Service\Services\ServiceGoogleGame\com.google.play.games\Runtime\Scripts\BasicApi\LeaderboardScoreData.cs
Packages\BettaSDK\Service\Services\ServiceGoogleGame\com.google.play.games\Runtime\Scripts\BasicApi\Nearby\AdvertisingResult.cs
Packages\BettaSDK\Service\Services\ServiceGoogleGame\com.google.play.games\Runtime\Scripts\BasicApi\Nearby\ConnectionRequest.cs
Packages\BettaSDK\Service\Services\ServiceGoogleGame\com.google.play.games\Runtime\Scripts\BasicApi\Nearby\ConnectionResponse.cs
Packages\BettaSDK\Service\Services\ServiceGoogleGame\com.google.play.games\Runtime\Scripts\BasicApi\Nearby\DummyNearbyConnectionClient.cs
Packages\BettaSDK\Service\Services\ServiceGoogleGame\com.google.play.games\Runtime\Scripts\BasicApi\Nearby\EndpointDetails.cs
Packages\BettaSDK\Service\Services\ServiceGoogleGame\com.google.play.games\Runtime\Scripts\BasicApi\Nearby\INearbyConnectionClient.cs
Packages\BettaSDK\Service\Services\ServiceGoogleGame\com.google.play.games\Runtime\Scripts\BasicApi\Nearby\NearbyConnectionConfiguration.cs
Packages\BettaSDK\Service\Services\ServiceGoogleGame\com.google.play.games\Runtime\Scripts\BasicApi\Player.cs
Packages\BettaSDK\Service\Services\ServiceGoogleGame\com.google.play.games\Runtime\Scripts\BasicApi\PlayerProfile.cs
Packages\BettaSDK\Service\Services\ServiceGoogleGame\com.google.play.games\Runtime\Scripts\BasicApi\PlayerStats.cs
Packages\BettaSDK\Service\Services\ServiceGoogleGame\com.google.play.games\Runtime\Scripts\BasicApi\RecallAccess.cs
Packages\BettaSDK\Service\Services\ServiceGoogleGame\com.google.play.games\Runtime\Scripts\BasicApi\SavedGame\ISavedGameClient.cs
Packages\BettaSDK\Service\Services\ServiceGoogleGame\com.google.play.games\Runtime\Scripts\BasicApi\SavedGame\ISavedGameMetadata.cs
Packages\BettaSDK\Service\Services\ServiceGoogleGame\com.google.play.games\Runtime\Scripts\BasicApi\SavedGame\SavedGameMetadataUpdate.cs
Packages\BettaSDK\Service\Services\ServiceGoogleGame\com.google.play.games\Runtime\Scripts\BasicApi\ScorePageToken.cs
Packages\BettaSDK\Service\Services\ServiceGoogleGame\com.google.play.games\Runtime\Scripts\BasicApi\SignInInteractivity.cs
Packages\BettaSDK\Service\Services\ServiceGoogleGame\com.google.play.games\Runtime\Scripts\BasicApi\SignInStatus.cs
Packages\BettaSDK\Service\Services\ServiceGoogleGame\com.google.play.games\Runtime\Scripts\GameInfo.cs
Packages\BettaSDK\Service\Services\ServiceGoogleGame\com.google.play.games\Runtime\Scripts\ISocialPlatform\PlayGamesAchievement.cs
Packages\BettaSDK\Service\Services\ServiceGoogleGame\com.google.play.games\Runtime\Scripts\ISocialPlatform\PlayGamesLeaderboard.cs
Packages\BettaSDK\Service\Services\ServiceGoogleGame\com.google.play.games\Runtime\Scripts\ISocialPlatform\PlayGamesLocalUser.cs
Packages\BettaSDK\Service\Services\ServiceGoogleGame\com.google.play.games\Runtime\Scripts\ISocialPlatform\PlayGamesPlatform.cs
Packages\BettaSDK\Service\Services\ServiceGoogleGame\com.google.play.games\Runtime\Scripts\ISocialPlatform\PlayGamesScore.cs
Packages\BettaSDK\Service\Services\ServiceGoogleGame\com.google.play.games\Runtime\Scripts\ISocialPlatform\PlayGamesUserProfile.cs
Packages\BettaSDK\Service\Services\ServiceGoogleGame\com.google.play.games\Runtime\Scripts\OurUtils\Logger.cs
Packages\BettaSDK\Service\Services\ServiceGoogleGame\com.google.play.games\Runtime\Scripts\OurUtils\Misc.cs
Packages\BettaSDK\Service\Services\ServiceGoogleGame\com.google.play.games\Runtime\Scripts\OurUtils\NearbyHelperObject.cs
Packages\BettaSDK\Service\Services\ServiceGoogleGame\com.google.play.games\Runtime\Scripts\OurUtils\PlatformUtils.cs
Packages\BettaSDK\Service\Services\ServiceGoogleGame\com.google.play.games\Runtime\Scripts\OurUtils\PlayGamesHelperObject.cs
Packages\BettaSDK\Service\Services\ServiceGoogleGame\com.google.play.games\Runtime\Scripts\Platforms\Android\AndroidClient.cs
Packages\BettaSDK\Service\Services\ServiceGoogleGame\com.google.play.games\Runtime\Scripts\Platforms\Android\AndroidEventsClient.cs
Packages\BettaSDK\Service\Services\ServiceGoogleGame\com.google.play.games\Runtime\Scripts\Platforms\Android\AndroidHelperFragment.cs
Packages\BettaSDK\Service\Services\ServiceGoogleGame\com.google.play.games\Runtime\Scripts\Platforms\Android\AndroidJavaConverter.cs
Packages\BettaSDK\Service\Services\ServiceGoogleGame\com.google.play.games\Runtime\Scripts\Platforms\Android\AndroidNearbyConnectionClient.cs
Packages\BettaSDK\Service\Services\ServiceGoogleGame\com.google.play.games\Runtime\Scripts\Platforms\Android\AndroidSavedGameClient.cs
Packages\BettaSDK\Service\Services\ServiceGoogleGame\com.google.play.games\Runtime\Scripts\Platforms\Android\AndroidSnapshotMetadata.cs
Packages\BettaSDK\Service\Services\ServiceGoogleGame\com.google.play.games\Runtime\Scripts\Platforms\Android\AndroidTaskUtils.cs
Packages\BettaSDK\Service\Services\ServiceGoogleGame\com.google.play.games\Runtime\Scripts\Platforms\NearbyConnectionClientFactory.cs
Packages\BettaSDK\Service\Services\ServiceGoogleGame\com.google.play.games\Runtime\Scripts\Platforms\PlayGamesClientFactory.cs
Packages\BettaSDK\Service\Services\ServiceGoogleGame\com.google.play.games\Runtime\Scripts\PluginVersion.cs
UnityEngine.Debug:ExtractStackTraceNoAlloc (byte*,int,string)
UnityEngine.StackTraceUtility:ExtractStackTrace ()
UnityEngine.DebugLogHandler:Internal_Log (UnityEngine.LogType,UnityEngine.LogOption,string,UnityEngine.Object)
UnityEngine.DebugLogHandler:LogFormat (UnityEngine.LogType,UnityEngine.Object,string,object[])
UnityEngine.Logger:Log (UnityEngine.LogType,object)
UnityEngine.Debug:Log (object)
Google.Logger:Log (string,Google.LogLevel) (at /Users/amaurice/Documents/GitHub/unity-jar-resolver/source/VersionHandlerImpl/src/Logger.cs:124)
Google.VersionHandlerImpl:Log (string,bool,Google.LogLevel) (at /Users/amaurice/Documents/GitHub/unity-jar-resolver/source/VersionHandlerImpl/src/VersionHandlerImpl.cs:2580)
Google.VersionHandlerImpl/ManifestReferences:ParseManifests (Google.VersionHandlerImpl/FileMetadataByVersion,Google.VersionHandlerImpl/FileMetadataSet) (at /Users/amaurice/Documents/GitHub/unity-jar-resolver/source/VersionHandlerImpl/src/VersionHandlerImpl.cs:1883)
Google.VersionHandlerImpl/ManifestReferences:FindAndReadManifestsByPackageName (Google.VersionHandlerImpl/FileMetadataSet) (at /Users/amaurice/Documents/GitHub/unity-jar-resolver/source/VersionHandlerImpl/src/VersionHandlerImpl.cs:1925)
Google.VersionHandlerImpl/ManifestReferences:FindAndReadManifests () (at /Users/amaurice/Documents/GitHub/unity-jar-resolver/source/VersionHandlerImpl/src/VersionHandlerImpl.cs:1953)
Firebase.Editor.Measurement:get_BaseQuery () (at /Users/runner/work/firebase-unity-sdk/firebase-unity-sdk/editor/app/src/Measurement.cs:55)
Firebase.Editor.Measurement:.cctor () (at /Users/runner/work/firebase-unity-sdk/firebase-unity-sdk/editor/app/src/Measurement.cs:38)
Firebase.Editor.GenerateXmlFromGoogleServicesJson:RunResourceGenerator (System.Collections.Generic.IEnumerable`1<string>,string,bool) (at /Users/runner/work/firebase-unity-sdk/firebase-unity-sdk/editor/app/src/GenerateXmlFromGoogleServicesJson.cs:535)
Firebase.Editor.GenerateXmlFromGoogleServicesJson:ReadBundleIds (string) (at /Users/runner/work/firebase-unity-sdk/firebase-unity-sdk/editor/app/src/GenerateXmlFromGoogleServicesJson.cs:409)
Firebase.Editor.GenerateXmlFromGoogleServicesJson:UpdateConfigFileDirectory () (at /Users/runner/work/firebase-unity-sdk/firebase-unity-sdk/editor/app/src/GenerateXmlFromGoogleServicesJson.cs:297)
Firebase.Editor.GenerateXmlFromGoogleServicesJson:CheckConfiguration () (at /Users/runner/work/firebase-unity-sdk/firebase-unity-sdk/editor/app/src/GenerateXmlFromGoogleServicesJson.cs:248)
Firebase.Editor.GenerateXmlFromGoogleServicesJson/<>c:<.cctor>b__15_1 () (at /Users/runner/work/firebase-unity-sdk/firebase-unity-sdk/editor/app/src/GenerateXmlFromGoogleServicesJson.cs:103)
Google.EditorInitializer/<>c__DisplayClass0_0:<InitializeOnMainThread>b__0 () (at /Users/amaurice/Documents/GitHub/unity-jar-resolver/source/VersionHandlerImpl/src/EditorInitializer.cs:60)
Google.RunOnMainThread:ExecutePollingJobs () (at /Users/amaurice/Documents/GitHub/unity-jar-resolver/source/VersionHandlerImpl/src/RunOnMainThread.cs:409)
Google.RunOnMainThread/<>c:<ExecuteAllUnnested>b__28_0 () (at /Users/amaurice/Documents/GitHub/unity-jar-resolver/source/VersionHandlerImpl/src/RunOnMainThread.cs:541)
Google.RunOnMainThread:RunAction (System.Action) (at /Users/amaurice/Documents/GitHub/unity-jar-resolver/source/VersionHandlerImpl/src/RunOnMainThread.cs:343)
Google.RunOnMainThread:ExecuteAllUnnested (bool) (at /Users/amaurice/Documents/GitHub/unity-jar-resolver/source/VersionHandlerImpl/src/RunOnMainThread.cs:530)
Google.RunOnMainThread/<>c:<PollOnUpdateUntilComplete>b__20_0 () (at /Users/amaurice/Documents/GitHub/unity-jar-resolver/source/VersionHandlerImpl/src/RunOnMainThread.cs:365)
Google.RunOnMainThread:RunAction (System.Action) (at /Users/amaurice/Documents/GitHub/unity-jar-resolver/source/VersionHandlerImpl/src/RunOnMainThread.cs:343)
Google.RunOnMainThread:PollOnUpdateUntilComplete (System.Func`1<bool>,bool) (at /Users/amaurice/Documents/GitHub/unity-jar-resolver/source/VersionHandlerImpl/src/RunOnMainThread.cs:363)
Google.EditorInitializer:InitializeOnMainThread (System.Func`1<bool>,System.Func`1<bool>,string,Google.Logger) (at /Users/amaurice/Documents/GitHub/unity-jar-resolver/source/VersionHandlerImpl/src/EditorInitializer.cs:48)
Firebase.Editor.GenerateXmlFromGoogleServicesJson:.cctor () (at /Users/runner/work/firebase-unity-sdk/firebase-unity-sdk/editor/app/src/GenerateXmlFromGoogleServicesJson.cs:98)
System.Runtime.CompilerServices.RuntimeHelpers:RunClassConstructor (System.RuntimeTypeHandle)
UnityEditor.EditorAssemblies:ProcessInitializeOnLoadAttributes (System.Type[])

(Filename: /Users/amaurice/Documents/GitHub/unity-jar-resolver/source/VersionHandlerImpl/src/VersionHandlerImpl.cs Line: 2580)

Parsing manifest 'Packages\com.google.external-dependency-manager\ExternalDependencyManager\Editor\external-dependency-manager_version-1.2.187_manifest.txt' of package 'External Dependency Manager'
UnityEngine.Debug:ExtractStackTraceNoAlloc (byte*,int,string)
UnityEngine.StackTraceUtility:ExtractStackTrace ()
UnityEngine.DebugLogHandler:Internal_Log (UnityEngine.LogType,UnityEngine.LogOption,string,UnityEngine.Object)
UnityEngine.DebugLogHandler:LogFormat (UnityEngine.LogType,UnityEngine.Object,string,object[])
UnityEngine.Logger:Log (UnityEngine.LogType,object)
UnityEngine.Debug:Log (object)
Google.Logger:Log (string,Google.LogLevel) (at /Users/amaurice/Documents/GitHub/unity-jar-resolver/source/VersionHandlerImpl/src/Logger.cs:124)
Google.VersionHandlerImpl:Log (string,bool,Google.LogLevel) (at /Users/amaurice/Documents/GitHub/unity-jar-resolver/source/VersionHandlerImpl/src/VersionHandlerImpl.cs:2580)
Google.VersionHandlerImpl/ManifestReferences:ParseManifests (Google.VersionHandlerImpl/FileMetadataByVersion,Google.VersionHandlerImpl/FileMetadataSet) (at /Users/amaurice/Documents/GitHub/unity-jar-resolver/source/VersionHandlerImpl/src/VersionHandlerImpl.cs:1832)
Google.VersionHandlerImpl/ManifestReferences:FindAndReadManifestsByPackageName (Google.VersionHandlerImpl/FileMetadataSet) (at /Users/amaurice/Documents/GitHub/unity-jar-resolver/source/VersionHandlerImpl/src/VersionHandlerImpl.cs:1925)
Google.VersionHandlerImpl/ManifestReferences:FindAndReadManifests () (at /Users/amaurice/Documents/GitHub/unity-jar-resolver/source/VersionHandlerImpl/src/VersionHandlerImpl.cs:1953)
Firebase.Editor.Measurement:get_BaseQuery () (at /Users/runner/work/firebase-unity-sdk/firebase-unity-sdk/editor/app/src/Measurement.cs:55)
Firebase.Editor.Measurement:.cctor () (at /Users/runner/work/firebase-unity-sdk/firebase-unity-sdk/editor/app/src/Measurement.cs:38)
Firebase.Editor.GenerateXmlFromGoogleServicesJson:RunResourceGenerator (System.Collections.Generic.IEnumerable`1<string>,string,bool) (at /Users/runner/work/firebase-unity-sdk/firebase-unity-sdk/editor/app/src/GenerateXmlFromGoogleServicesJson.cs:535)
Firebase.Editor.GenerateXmlFromGoogleServicesJson:ReadBundleIds (string) (at /Users/runner/work/firebase-unity-sdk/firebase-unity-sdk/editor/app/src/GenerateXmlFromGoogleServicesJson.cs:409)
Firebase.Editor.GenerateXmlFromGoogleServicesJson:UpdateConfigFileDirectory () (at /Users/runner/work/firebase-unity-sdk/firebase-unity-sdk/editor/app/src/GenerateXmlFromGoogleServicesJson.cs:297)
Firebase.Editor.GenerateXmlFromGoogleServicesJson:CheckConfiguration () (at /Users/runner/work/firebase-unity-sdk/firebase-unity-sdk/editor/app/src/GenerateXmlFromGoogleServicesJson.cs:248)
Firebase.Editor.GenerateXmlFromGoogleServicesJson/<>c:<.cctor>b__15_1 () (at /Users/runner/work/firebase-unity-sdk/firebase-unity-sdk/editor/app/src/GenerateXmlFromGoogleServicesJson.cs:103)
Google.EditorInitializer/<>c__DisplayClass0_0:<InitializeOnMainThread>b__0 () (at /Users/amaurice/Documents/GitHub/unity-jar-resolver/source/VersionHandlerImpl/src/EditorInitializer.cs:60)
Google.RunOnMainThread:ExecutePollingJobs () (at /Users/amaurice/Documents/GitHub/unity-jar-resolver/source/VersionHandlerImpl/src/RunOnMainThread.cs:409)
Google.RunOnMainThread/<>c:<ExecuteAllUnnested>b__28_0 () (at /Users/amaurice/Documents/GitHub/unity-jar-resolver/source/VersionHandlerImpl/src/RunOnMainThread.cs:541)
Google.RunOnMainThread:RunAction (System.Action) (at /Users/amaurice/Documents/GitHub/unity-jar-resolver/source/VersionHandlerImpl/src/RunOnMainThread.cs:343)
Google.RunOnMainThread:ExecuteAllUnnested (bool) (at /Users/amaurice/Documents/GitHub/unity-jar-resolver/source/VersionHandlerImpl/src/RunOnMainThread.cs:530)
Google.RunOnMainThread/<>c:<PollOnUpdateUntilComplete>b__20_0 () (at /Users/amaurice/Documents/GitHub/unity-jar-resolver/source/VersionHandlerImpl/src/RunOnMainThread.cs:365)
Google.RunOnMainThread:RunAction (System.Action) (at /Users/amaurice/Documents/GitHub/unity-jar-resolver/source/VersionHandlerImpl/src/RunOnMainThread.cs:343)
Google.RunOnMainThread:PollOnUpdateUntilComplete (System.Func`1<bool>,bool) (at /Users/amaurice/Documents/GitHub/unity-jar-resolver/source/VersionHandlerImpl/src/RunOnMainThread.cs:363)
Google.EditorInitializer:InitializeOnMainThread (System.Func`1<bool>,System.Func`1<bool>,string,Google.Logger) (at /Users/amaurice/Documents/GitHub/unity-jar-resolver/source/VersionHandlerImpl/src/EditorInitializer.cs:48)
Firebase.Editor.GenerateXmlFromGoogleServicesJson:.cctor () (at /Users/runner/work/firebase-unity-sdk/firebase-unity-sdk/editor/app/src/GenerateXmlFromGoogleServicesJson.cs:98)
System.Runtime.CompilerServices.RuntimeHelpers:RunClassConstructor (System.RuntimeTypeHandle)
UnityEditor.EditorAssemblies:ProcessInitializeOnLoadAttributes (System.Type[])

(Filename: /Users/amaurice/Documents/GitHub/unity-jar-resolver/source/VersionHandlerImpl/src/VersionHandlerImpl.cs Line: 2580)

'External Dependency Manager' Manifest:
Current files:
Assets\ExternalDependencyManager\Editor\1.2.187\Google.IOSResolver.dll
Assets\ExternalDependencyManager\Editor\1.2.187\Google.IOSResolver.pdb
Assets\ExternalDependencyManager\Editor\1.2.187\Google.JarResolver.dll
Assets\ExternalDependencyManager\Editor\1.2.187\Google.JarResolver.pdb
Assets\ExternalDependencyManager\Editor\1.2.187\Google.PackageManagerResolver.dll
Assets\ExternalDependencyManager\Editor\1.2.187\Google.PackageManagerResolver.pdb
Assets\ExternalDependencyManager\Editor\1.2.187\Google.VersionHandlerImpl.dll
Assets\ExternalDependencyManager\Editor\1.2.187\Google.VersionHandlerImpl.pdb
Assets\ExternalDependencyManager\Editor\CHANGELOG.md
Assets\ExternalDependencyManager\Editor\Google.VersionHandler.dll
Assets\ExternalDependencyManager\Editor\Google.VersionHandler.pdb
Assets\ExternalDependencyManager\Editor\LICENSE
Assets\ExternalDependencyManager\Editor\README.md
UnityEngine.Debug:ExtractStackTraceNoAlloc (byte*,int,string)
UnityEngine.StackTraceUtility:ExtractStackTrace ()
UnityEngine.DebugLogHandler:Internal_Log (UnityEngine.LogType,UnityEngine.LogOption,string,UnityEngine.Object)
UnityEngine.DebugLogHandler:LogFormat (UnityEngine.LogType,UnityEngine.Object,string,object[])
UnityEngine.Logger:Log (UnityEngine.LogType,object)
UnityEngine.Debug:Log (object)
Google.Logger:Log (string,Google.LogLevel) (at /Users/amaurice/Documents/GitHub/unity-jar-resolver/source/VersionHandlerImpl/src/Logger.cs:124)
Google.VersionHandlerImpl:Log (string,bool,Google.LogLevel) (at /Users/amaurice/Documents/GitHub/unity-jar-resolver/source/VersionHandlerImpl/src/VersionHandlerImpl.cs:2580)
Google.VersionHandlerImpl/ManifestReferences:ParseManifests (Google.VersionHandlerImpl/FileMetadataByVersion,Google.VersionHandlerImpl/FileMetadataSet) (at /Users/amaurice/Documents/GitHub/unity-jar-resolver/source/VersionHandlerImpl/src/VersionHandlerImpl.cs:1883)
Google.VersionHandlerImpl/ManifestReferences:FindAndReadManifestsByPackageName (Google.VersionHandlerImpl/FileMetadataSet) (at /Users/amaurice/Documents/GitHub/unity-jar-resolver/source/VersionHandlerImpl/src/VersionHandlerImpl.cs:1925)
Google.VersionHandlerImpl/ManifestReferences:FindAndReadManifests () (at /Users/amaurice/Documents/GitHub/unity-jar-resolver/source/VersionHandlerImpl/src/VersionHandlerImpl.cs:1953)
Firebase.Editor.Measurement:get_BaseQuery () (at /Users/runner/work/firebase-unity-sdk/firebase-unity-sdk/editor/app/src/Measurement.cs:55)
Firebase.Editor.Measurement:.cctor () (at /Users/runner/work/firebase-unity-sdk/firebase-unity-sdk/editor/app/src/Measurement.cs:38)
Firebase.Editor.GenerateXmlFromGoogleServicesJson:RunResourceGenerator (System.Collections.Generic.IEnumerable`1<string>,string,bool) (at /Users/runner/work/firebase-unity-sdk/firebase-unity-sdk/editor/app/src/GenerateXmlFromGoogleServicesJson.cs:535)
Firebase.Editor.GenerateXmlFromGoogleServicesJson:ReadBundleIds (string) (at /Users/runner/work/firebase-unity-sdk/firebase-unity-sdk/editor/app/src/GenerateXmlFromGoogleServicesJson.cs:409)
Firebase.Editor.GenerateXmlFromGoogleServicesJson:UpdateConfigFileDirectory () (at /Users/runner/work/firebase-unity-sdk/firebase-unity-sdk/editor/app/src/GenerateXmlFromGoogleServicesJson.cs:297)
Firebase.Editor.GenerateXmlFromGoogleServicesJson:CheckConfiguration () (at /Users/runner/work/firebase-unity-sdk/firebase-unity-sdk/editor/app/src/GenerateXmlFromGoogleServicesJson.cs:248)
Firebase.Editor.GenerateXmlFromGoogleServicesJson/<>c:<.cctor>b__15_1 () (at /Users/runner/work/firebase-unity-sdk/firebase-unity-sdk/editor/app/src/GenerateXmlFromGoogleServicesJson.cs:103)
Google.EditorInitializer/<>c__DisplayClass0_0:<InitializeOnMainThread>b__0 () (at /Users/amaurice/Documents/GitHub/unity-jar-resolver/source/VersionHandlerImpl/src/EditorInitializer.cs:60)
Google.RunOnMainThread:ExecutePollingJobs () (at /Users/amaurice/Documents/GitHub/unity-jar-resolver/source/VersionHandlerImpl/src/RunOnMainThread.cs:409)
Google.RunOnMainThread/<>c:<ExecuteAllUnnested>b__28_0 () (at /Users/amaurice/Documents/GitHub/unity-jar-resolver/source/VersionHandlerImpl/src/RunOnMainThread.cs:541)
Google.RunOnMainThread:RunAction (System.Action) (at /Users/amaurice/Documents/GitHub/unity-jar-resolver/source/VersionHandlerImpl/src/RunOnMainThread.cs:343)
Google.RunOnMainThread:ExecuteAllUnnested (bool) (at /Users/amaurice/Documents/GitHub/unity-jar-resolver/source/VersionHandlerImpl/src/RunOnMainThread.cs:530)
Google.RunOnMainThread/<>c:<PollOnUpdateUntilComplete>b__20_0 () (at /Users/amaurice/Documents/GitHub/unity-jar-resolver/source/VersionHandlerImpl/src/RunOnMainThread.cs:365)
Google.RunOnMainThread:RunAction (System.Action) (at /Users/amaurice/Documents/GitHub/unity-jar-resolver/source/VersionHandlerImpl/src/RunOnMainThread.cs:343)
Google.RunOnMainThread:PollOnUpdateUntilComplete (System.Func`1<bool>,bool) (at /Users/amaurice/Documents/GitHub/unity-jar-resolver/source/VersionHandlerImpl/src/RunOnMainThread.cs:363)
Google.EditorInitializer:InitializeOnMainThread (System.Func`1<bool>,System.Func`1<bool>,string,Google.Logger) (at /Users/amaurice/Documents/GitHub/unity-jar-resolver/source/VersionHandlerImpl/src/EditorInitializer.cs:48)
Firebase.Editor.GenerateXmlFromGoogleServicesJson:.cctor () (at /Users/runner/work/firebase-unity-sdk/firebase-unity-sdk/editor/app/src/GenerateXmlFromGoogleServicesJson.cs:98)
System.Runtime.CompilerServices.RuntimeHelpers:RunClassConstructor (System.RuntimeTypeHandle)
UnityEditor.EditorAssemblies:ProcessInitializeOnLoadAttributes (System.Type[])

(Filename: /Users/amaurice/Documents/GitHub/unity-jar-resolver/source/VersionHandlerImpl/src/VersionHandlerImpl.cs Line: 2580)

﻿﻿﻿﻿Mono: successfully reloaded assembly
- Finished resetting the current domain, in  6.730 seconds
Domain Reload Profiling: 8352ms
BeginReloadAssembly (325ms)
ExecutionOrderSort (0ms)
DisableScriptedObjects (53ms)
BackupInstance (0ms)
ReleaseScriptingObjects (0ms)
CreateAndSetChildDomain (142ms)
RebuildCommonClasses (35ms)
RebuildNativeTypeToScriptingClass (12ms)
initialDomainReloadingComplete (55ms)
LoadAllAssembliesAndSetupDomain (1195ms)
LoadAssemblies (724ms)
RebuildTransferFunctionScriptingTraits (0ms)
AnalyzeDomain (565ms)
TypeCache.Refresh (432ms)
TypeCache.ScanAssembly (402ms)
BuildScriptInfoCaches (102ms)
ResolveRequiredComponents (27ms)
FinalizeReload (6731ms)
ReleaseScriptCaches (0ms)
RebuildScriptCaches (0ms)
SetupLoadedEditorAssemblies (6430ms)
LogAssemblyErrors (0ms)
InitializePlatformSupportModulesInManaged (32ms)
SetLoadedEditorAssemblies (8ms)
BeforeProcessingInitializeOnLoad (218ms)
ProcessInitializeOnLoadAttributes (6001ms)
ProcessInitializeOnLoadMethodAttributes (162ms)
AfterProcessingInitializeOnLoad (7ms)
EditorAssembliesLoaded (2ms)
ExecutionOrderSort2 (0ms)
AwakeInstancesAfterBackupRestoration (10ms)
Start importing Assets/GameModule/GameMain/ConfigSo/Generated_enum/test/161_180/172.asset using Guid(e0ab3cc3a87514843afd5948b14e9837) (NativeFormatImporter) -> (artifact id: 'c5dfd523fb2b388ba1f155d5a90824ad') in 0.0313401 seconds
Start importing Assets/GameModule/GameMain/ConfigSo/Generated_enum/test/161_180/163.asset using Guid(9116df279074f274496f8d7d10bcfb27) (NativeFormatImporter) -> (artifact id: 'a04a41682591afd3dd69898f60ac6949') in 0.0042825 seconds
Start importing Assets/GameModule/GameMain/ConfigSo/Generated_enum/test/181_200/200.asset using Guid(44a70c13063f33641bae7d1afb8f94b4) (NativeFormatImporter) -> (artifact id: 'dd08cbd2a1b5feb092efe3dcd68f02e6') in 0.0044141 seconds
Start importing Assets/GameModule/GameMain/ConfigSo/Generated_enum/test/141_160/158.asset using Guid(4d6cad25e4196a9498ec0bd6e035ce60) (NativeFormatImporter) -> (artifact id: '7875b4bae1f1531d16462a175a5e6944') in 0.0035396 seconds
Start importing Assets/GameModule/GameMain/ConfigSo/Generated_enum/test/181_200/185.asset using Guid(dd4ab0ea958f9284ca1964aefd6db086) (NativeFormatImporter) -> (artifact id: 'e34655cb510600249f46d2c19f75a85a') in 0.0042946 seconds
Start importing Assets/GameModule/GameMain/ConfigSo/Generated_enum/test/161_180/176.asset using Guid(6ec0452fae5947e4abc148e0f1b23ec3) (NativeFormatImporter) -> (artifact id: 'ac81d858c79c86b8646275bc70062fa2') in 0.0117081 seconds
Start importing Assets/GameModule/GameMain/ConfigSo/Generated_enum/test/161_180/169.asset using Guid(6f2e54460716c0c458ed208aaf85370a) (NativeFormatImporter) -> (artifact id: '47f3bb7ea3818e4ef545db78bf2ebb3d') in 0.0039797 seconds
Refreshing native plugins compatible for Editor in 68.29 ms, found 15 plugins.
Preloading 0 native plugins for Editor in 0.00 ms.
Asset Pipeline Refresh (id=03f49f1b51f825c47bd9b42d76f1771f): Total: 12.235 seconds - Initiated by InitialRefreshV2(ForceSynchronousImport)
Summary:
Imports: total=0 (actual=0, local cache=0, cache server=0)
Asset DB Process Time: managed=8 ms, native=8734 ms
Asset DB Callback time: managed=296 ms, native=124 ms
Scripting: domain reloads=1, domain reload time=1632 ms, compile time=1322 ms, other=116 ms
Project Asset Count: scripts=3748, non-scripts=7539
Asset File Changes: new=0, changed=7, moved=0, deleted=0
Scan Filter Count: 0
InvokeCustomDependenciesCallbacks: 0.001ms
InvokePackagesCallback: 26.011ms
ApplyChangesToAssetFolders: 1.121ms
Scan: 940.106ms
OnSourceAssetsModified: 0.776ms
CategorizeAssetsWithTransientArtifact: 161.371ms
ProcessAssetsWithTransientArtifactChanges: 176.782ms
CategorizeAssets: 196.895ms
ImportOutOfDateAssets: 6997.027ms (5600.515ms without children)
ImportManagerImport: 68.016ms (1.301ms without children)
ImportInProcess: 66.715ms
CompileScripts: 1321.773ms
ReloadNativeAssets: 0.067ms
UnloadImportedAssets: 1.404ms
ReloadImportedAssets: 0.000ms
EnsureUptoDateAssetsAreRegisteredWithGuidPM: 3.827ms
InitializingProgressBar: 0.010ms
PostProcessAllAssetNotificationsAddChangedAssets: 0.001ms
OnDemandSchedulerStart: 1.413ms
PostProcessAllAssets: 325.762ms
Hotreload: 71.380ms
GatherAllCurrentPrimaryArtifactRevisions: 0.002ms
UnloadStreamsBegin: 2.434ms
PersistCurrentRevisions: 0.634ms
UnloadStreamsEnd: 0.001ms
GenerateScriptTypeHashes: 57.067ms
Untracked: 3334.471ms

Application.AssetDatabase Initial Refresh End
Scanning for USB devices : 3.270ms
Initializing Unity extensions:
[MODES] ModeService[none].Initialize
[MODES] ModeService[none].LoadModes
[MODES] Loading mode Default (0) for mode-current-id-Blast
Unloading 59 Unused Serialized files (Serialized files now loaded: 0)
Unloading 11830 unused Assets / (9.3 MB). Loaded Objects now: 12109.
Memory consumption went from 295.2 MB to 285.8 MB.
Total: 37.800900 ms (FindLiveObjects: 1.400900 ms CreateObjectMapping: 2.964500 ms MarkObjects: 26.793700 ms  DeleteObjects: 6.639900 ms)

Asset Pipeline Refresh (id=c63d573f870e4f445bde036500388d88): Total: 0.088 seconds - Initiated by RefreshV2(NoUpdateAssetOptions)
[Bot Batch] Levels 158,163,167,169,172,176,185,191,192,193,200: 11 levels × 200 runs × 1 strategy = 2200 games per tier
[Bot] LoadLevel LevelGroup=test level=158 asset=158
[Bot Batch] 已拷贝关卡 asset → C:/Users/Administrator/Documents/BlastGame/telemetry/bot/158_163_167_169_172_176_185_191-193_200-2026-08-15T01-10-21/level-assets/test/158.asset
[Bot Batch] Level L158 (0/11): 200 runs × 1 strategy = 200 games
DisplayProgressbar: 机器人测试运行中
Unloading 1 Unused Serialized files (Serialized files now loaded: 0)
[Bot] LoadLevel LevelGroup=test level=163 asset=163
[Bot Batch] 已拷贝关卡 asset → C:/Users/Administrator/Documents/BlastGame/telemetry/bot/158_163_167_169_172_176_185_191-193_200-2026-08-15T01-10-21/level-assets/test/163.asset
[Bot Batch] Level L163 (1/11): 200 runs × 1 strategy = 200 games
[Bot] LoadLevel LevelGroup=test level=167 asset=167
[Bot Batch] 已拷贝关卡 asset → C:/Users/Administrator/Documents/BlastGame/telemetry/bot/158_163_167_169_172_176_185_191-193_200-2026-08-15T01-10-21/level-assets/test/167.asset
[Bot Batch] Level L167 (2/11): 200 runs × 1 strategy = 200 games
[Bot] LoadLevel LevelGroup=test level=169 asset=169
[Bot Batch] 已拷贝关卡 asset → C:/Users/Administrator/Documents/BlastGame/telemetry/bot/158_163_167_169_172_176_185_191-193_200-2026-08-15T01-10-21/level-assets/test/169.asset
[Bot Batch] Level L169 (3/11): 200 runs × 1 strategy = 200 games
[Bot] LoadLevel LevelGroup=test level=172 asset=172
[Bot Batch] 已拷贝关卡 asset → C:/Users/Administrator/Documents/BlastGame/telemetry/bot/158_163_167_169_172_176_185_191-193_200-2026-08-15T01-10-21/level-assets/test/172.asset
[Bot Batch] Level L172 (4/11): 200 runs × 1 strategy = 200 games
[Bot] LoadLevel LevelGroup=test level=176 asset=176
[Bot Batch] 已拷贝关卡 asset → C:/Users/Administrator/Documents/BlastGame/telemetry/bot/158_163_167_169_172_176_185_191-193_200-2026-08-15T01-10-21/level-assets/test/176.asset
[Bot Batch] Level L176 (5/11): 200 runs × 1 strategy = 200 games
[Bot] LoadLevel LevelGroup=test level=185 asset=185
[Bot Batch] 已拷贝关卡 asset → C:/Users/Administrator/Documents/BlastGame/telemetry/bot/158_163_167_169_172_176_185_191-193_200-2026-08-15T01-10-21/level-assets/test/185.asset
[Bot Batch] Level L185 (6/11): 200 runs × 1 strategy = 200 games
[Bot] LoadLevel LevelGroup=test level=191 asset=191
[Bot Batch] 已拷贝关卡 asset → C:/Users/Administrator/Documents/BlastGame/telemetry/bot/158_163_167_169_172_176_185_191-193_200-2026-08-15T01-10-21/level-assets/test/191.asset
[Bot Batch] Level L191 (7/11): 200 runs × 1 strategy = 200 games
[Bot] LoadLevel LevelGroup=test level=192 asset=192
[Bot Batch] 已拷贝关卡 asset → C:/Users/Administrator/Documents/BlastGame/telemetry/bot/158_163_167_169_172_176_185_191-193_200-2026-08-15T01-10-21/level-assets/test/192.asset
[Bot Batch] Level L192 (8/11): 200 runs × 1 strategy = 200 games
[Bot] LoadLevel LevelGroup=test level=193 asset=193
[Bot Batch] 已拷贝关卡 asset → C:/Users/Administrator/Documents/BlastGame/telemetry/bot/158_163_167_169_172_176_185_191-193_200-2026-08-15T01-10-21/level-assets/test/193.asset
[Bot Batch] Level L193 (9/11): 200 runs × 1 strategy = 200 games
[Bot] LoadLevel LevelGroup=test level=200 asset=200
[Bot Batch] 已拷贝关卡 asset → C:/Users/Administrator/Documents/BlastGame/telemetry/bot/158_163_167_169_172_176_185_191-193_200-2026-08-15T01-10-21/level-assets/test/200.asset
[Bot Batch] Level L200 (10/11): 200 runs × 1 strategy = 200 games
[BlastBotCampaign] summaryCsv=C:/Users/Administrator/Documents/BlastGame/telemetry/bot/158_163_167_169_172_176_185_191-193_200-2026-08-15T01-10-21/L158_163_167_169_172_176_185_191-193_200-T1-2026-08-15T01-30-20.065-batch-range/campaign-summary-T1.csv
[BlastBotCampaign] 导出完成: C:/Users/Administrator/Documents/BlastGame/telemetry/bot/158_163_167_169_172_176_185_191-193_200-2026-08-15T01-10-21/L158_163_167_169_172_176_185_191-193_200-T1-2026-08-15T01-30-20.065-batch-range，totalElapsedSec=0.024
[BlastBotCampaign] attemptsCsv=C:/Users/Administrator/Documents/BlastGame/telemetry/bot/158_163_167_169_172_176_185_191-193_200-2026-08-15T01-10-21/L158_163_167_169_172_176_185_191-193_200-T1-2026-08-15T01-30-20.065-batch-range/campaign-attempts-T1.csv
[Bot Batch] Levels 158,163,167,169,172,176,185,191,192,193,200: 11 levels × 200 runs × 1 strategy = 2200 games per tier
[Bot] LoadLevel LevelGroup=test level=158 asset=158
[Bot Batch] 已拷贝关卡 asset → C:/Users/Administrator/Documents/BlastGame/telemetry/bot/158_163_167_169_172_176_185_191-193_200-2026-08-15T01-10-21/level-assets/test/158.asset
[Bot Batch] Level L158 (0/11): 200 runs × 1 strategy = 200 games
[Bot] LoadLevel LevelGroup=test level=163 asset=163
[Bot Batch] 已拷贝关卡 asset → C:/Users/Administrator/Documents/BlastGame/telemetry/bot/158_163_167_169_172_176_185_191-193_200-2026-08-15T01-10-21/level-assets/test/163.asset
[Bot Batch] Level L163 (1/11): 200 runs × 1 strategy = 200 games
[Bot] LoadLevel LevelGroup=test level=167 asset=167
[Bot Batch] 已拷贝关卡 asset → C:/Users/Administrator/Documents/BlastGame/telemetry/bot/158_163_167_169_172_176_185_191-193_200-2026-08-15T01-10-21/level-assets/test/167.asset
[Bot Batch] Level L167 (2/11): 200 runs × 1 strategy = 200 games
[Bot] LoadLevel LevelGroup=test level=169 asset=169
[Bot Batch] 已拷贝关卡 asset → C:/Users/Administrator/Documents/BlastGame/telemetry/bot/158_163_167_169_172_176_185_191-193_200-2026-08-15T01-10-21/level-assets/test/169.asset
[Bot Batch] Level L169 (3/11): 200 runs × 1 strategy = 200 games
[Bot] LoadLevel LevelGroup=test level=172 asset=172
[Bot Batch] 已拷贝关卡 asset → C:/Users/Administrator/Documents/BlastGame/telemetry/bot/158_163_167_169_172_176_185_191-193_200-2026-08-15T01-10-21/level-assets/test/172.asset
[Bot Batch] Level L172 (4/11): 200 runs × 1 strategy = 200 games
[Bot] LoadLevel LevelGroup=test level=176 asset=176
[Bot Batch] 已拷贝关卡 asset → C:/Users/Administrator/Documents/BlastGame/telemetry/bot/158_163_167_169_172_176_185_191-193_200-2026-08-15T01-10-21/level-assets/test/176.asset
[Bot Batch] Level L176 (5/11): 200 runs × 1 strategy = 200 games
[Bot] LoadLevel LevelGroup=test level=185 asset=185
[Bot Batch] 已拷贝关卡 asset → C:/Users/Administrator/Documents/BlastGame/telemetry/bot/158_163_167_169_172_176_185_191-193_200-2026-08-15T01-10-21/level-assets/test/185.asset
[Bot Batch] Level L185 (6/11): 200 runs × 1 strategy = 200 games
[Bot] LoadLevel LevelGroup=test level=191 asset=191
[Bot Batch] 已拷贝关卡 asset → C:/Users/Administrator/Documents/BlastGame/telemetry/bot/158_163_167_169_172_176_185_191-193_200-2026-08-15T01-10-21/level-assets/test/191.asset
[Bot Batch] Level L191 (7/11): 200 runs × 1 strategy = 200 games
[Bot] LoadLevel LevelGroup=test level=192 asset=192
[Bot Batch] 已拷贝关卡 asset → C:/Users/Administrator/Documents/BlastGame/telemetry/bot/158_163_167_169_172_176_185_191-193_200-2026-08-15T01-10-21/level-assets/test/192.asset
[Bot Batch] Level L192 (8/11): 200 runs × 1 strategy = 200 games
[Bot] LoadLevel LevelGroup=test level=193 asset=193
[Bot Batch] 已拷贝关卡 asset → C:/Users/Administrator/Documents/BlastGame/telemetry/bot/158_163_167_169_172_176_185_191-193_200-2026-08-15T01-10-21/level-assets/test/193.asset
[Bot Batch] Level L193 (9/11): 200 runs × 1 strategy = 200 games
[Bot] LoadLevel LevelGroup=test level=200 asset=200
[Bot Batch] 已拷贝关卡 asset → C:/Users/Administrator/Documents/BlastGame/telemetry/bot/158_163_167_169_172_176_185_191-193_200-2026-08-15T01-10-21/level-assets/test/200.asset
[Bot Batch] Level L200 (10/11): 200 runs × 1 strategy = 200 games
[BlastBotCampaign] summaryCsv=C:/Users/Administrator/Documents/BlastGame/telemetry/bot/158_163_167_169_172_176_185_191-193_200-2026-08-15T01-10-21/L158_163_167_169_172_176_185_191-193_200-T2-2026-08-15T01-49-28.893-batch-range/campaign-summary-T2.csv
[BlastBotCampaign] 导出完成: C:/Users/Administrator/Documents/BlastGame/telemetry/bot/158_163_167_169_172_176_185_191-193_200-2026-08-15T01-10-21/L158_163_167_169_172_176_185_191-193_200-T2-2026-08-15T01-49-28.893-batch-range，totalElapsedSec=0.019
[BlastBotCampaign] attemptsCsv=C:/Users/Administrator/Documents/BlastGame/telemetry/bot/158_163_167_169_172_176_185_191-193_200-2026-08-15T01-10-21/L158_163_167_169_172_176_185_191-193_200-T2-2026-08-15T01-49-28.893-batch-range/campaign-attempts-T2.csv
[Bot Batch] Levels 158,163,167,169,172,176,185,191,192,193,200: 11 levels × 200 runs × 1 strategy = 2200 games per tier
[Bot] LoadLevel LevelGroup=test level=158 asset=158
[Bot Batch] 已拷贝关卡 asset → C:/Users/Administrator/Documents/BlastGame/telemetry/bot/158_163_167_169_172_176_185_191-193_200-2026-08-15T01-10-21/level-assets/test/158.asset
[Bot Batch] Level L158 (0/11): 200 runs × 1 strategy = 200 games
[Bot] LoadLevel LevelGroup=test level=163 asset=163
[Bot Batch] 已拷贝关卡 asset → C:/Users/Administrator/Documents/BlastGame/telemetry/bot/158_163_167_169_172_176_185_191-193_200-2026-08-15T01-10-21/level-assets/test/163.asset
[Bot Batch] Level L163 (1/11): 200 runs × 1 strategy = 200 games
[Bot] LoadLevel LevelGroup=test level=167 asset=167
[Bot Batch] 已拷贝关卡 asset → C:/Users/Administrator/Documents/BlastGame/telemetry/bot/158_163_167_169_172_176_185_191-193_200-2026-08-15T01-10-21/level-assets/test/167.asset
[Bot Batch] Level L167 (2/11): 200 runs × 1 strategy = 200 games
[Bot] LoadLevel LevelGroup=test level=169 asset=169
[Bot Batch] 已拷贝关卡 asset → C:/Users/Administrator/Documents/BlastGame/telemetry/bot/158_163_167_169_172_176_185_191-193_200-2026-08-15T01-10-21/level-assets/test/169.asset
[Bot Batch] Level L169 (3/11): 200 runs × 1 strategy = 200 games
[Bot] LoadLevel LevelGroup=test level=172 asset=172
[Bot Batch] 已拷贝关卡 asset → C:/Users/Administrator/Documents/BlastGame/telemetry/bot/158_163_167_169_172_176_185_191-193_200-2026-08-15T01-10-21/level-assets/test/172.asset
[Bot Batch] Level L172 (4/11): 200 runs × 1 strategy = 200 games
[Bot] LoadLevel LevelGroup=test level=176 asset=176
[Bot Batch] 已拷贝关卡 asset → C:/Users/Administrator/Documents/BlastGame/telemetry/bot/158_163_167_169_172_176_185_191-193_200-2026-08-15T01-10-21/level-assets/test/176.asset
[Bot Batch] Level L176 (5/11): 200 runs × 1 strategy = 200 games
[Bot] LoadLevel LevelGroup=test level=185 asset=185
[Bot Batch] 已拷贝关卡 asset → C:/Users/Administrator/Documents/BlastGame/telemetry/bot/158_163_167_169_172_176_185_191-193_200-2026-08-15T01-10-21/level-assets/test/185.asset
[Bot Batch] Level L185 (6/11): 200 runs × 1 strategy = 200 games
[Bot] LoadLevel LevelGroup=test level=191 asset=191
[Bot Batch] 已拷贝关卡 asset → C:/Users/Administrator/Documents/BlastGame/telemetry/bot/158_163_167_169_172_176_185_191-193_200-2026-08-15T01-10-21/level-assets/test/191.asset
[Bot Batch] Level L191 (7/11): 200 runs × 1 strategy = 200 games
[Bot] LoadLevel LevelGroup=test level=192 asset=192
[Bot Batch] 已拷贝关卡 asset → C:/Users/Administrator/Documents/BlastGame/telemetry/bot/158_163_167_169_172_176_185_191-193_200-2026-08-15T01-10-21/level-assets/test/192.asset
[Bot Batch] Level L192 (8/11): 200 runs × 1 strategy = 200 games
[Bot] LoadLevel LevelGroup=test level=193 asset=193
[Bot Batch] 已拷贝关卡 asset → C:/Users/Administrator/Documents/BlastGame/telemetry/bot/158_163_167_169_172_176_185_191-193_200-2026-08-15T01-10-21/level-assets/test/193.asset
[Bot Batch] Level L193 (9/11): 200 runs × 1 strategy = 200 games
[Bot] LoadLevel LevelGroup=test level=200 asset=200
[Bot Batch] 已拷贝关卡 asset → C:/Users/Administrator/Documents/BlastGame/telemetry/bot/158_163_167_169_172_176_185_191-193_200-2026-08-15T01-10-21/level-assets/test/200.asset
[Bot Batch] Level L200 (10/11): 200 runs × 1 strategy = 200 games
[BlastBotCampaign] summaryCsv=C:/Users/Administrator/Documents/BlastGame/telemetry/bot/158_163_167_169_172_176_185_191-193_200-2026-08-15T01-10-21/L158_163_167_169_172_176_185_191-193_200-T3-2026-08-15T02-07-21.646-batch-range/campaign-summary-T3.csv
[BlastBotCampaign] 导出完成: C:/Users/Administrator/Documents/BlastGame/telemetry/bot/158_163_167_169_172_176_185_191-193_200-2026-08-15T01-10-21/L158_163_167_169_172_176_185_191-193_200-T3-2026-08-15T02-07-21.646-batch-range，totalElapsedSec=0.017
[BlastBotCampaign] attemptsCsv=C:/Users/Administrator/Documents/BlastGame/telemetry/bot/158_163_167_169_172_176_185_191-193_200-2026-08-15T01-10-21/L158_163_167_169_172_176_185_191-193_200-T3-2026-08-15T02-07-21.646-batch-range/campaign-attempts-T3.csv
[Bot Batch] Levels 158,163,167,169,172,176,185,191,192,193,200: 11 levels × 200 runs × 1 strategy = 2200 games per tier
[Bot] LoadLevel LevelGroup=test level=158 asset=158
[Bot Batch] 已拷贝关卡 asset → C:/Users/Administrator/Documents/BlastGame/telemetry/bot/158_163_167_169_172_176_185_191-193_200-2026-08-15T01-10-21/level-assets/test/158.asset
[Bot Batch] Level L158 (0/11): 200 runs × 1 strategy = 200 games
[Bot] LoadLevel LevelGroup=test level=163 asset=163
[Bot Batch] 已拷贝关卡 asset → C:/Users/Administrator/Documents/BlastGame/telemetry/bot/158_163_167_169_172_176_185_191-193_200-2026-08-15T01-10-21/level-assets/test/163.asset
[Bot Batch] Level L163 (1/11): 200 runs × 1 strategy = 200 games
[Bot] LoadLevel LevelGroup=test level=167 asset=167
[Bot Batch] 已拷贝关卡 asset → C:/Users/Administrator/Documents/BlastGame/telemetry/bot/158_163_167_169_172_176_185_191-193_200-2026-08-15T01-10-21/level-assets/test/167.asset
[Bot Batch] Level L167 (2/11): 200 runs × 1 strategy = 200 games
[Bot] LoadLevel LevelGroup=test level=169 asset=169
[Bot Batch] 已拷贝关卡 asset → C:/Users/Administrator/Documents/BlastGame/telemetry/bot/158_163_167_169_172_176_185_191-193_200-2026-08-15T01-10-21/level-assets/test/169.asset
[Bot Batch] Level L169 (3/11): 200 runs × 1 strategy = 200 games
[Bot] LoadLevel LevelGroup=test level=172 asset=172
[Bot Batch] 已拷贝关卡 asset → C:/Users/Administrator/Documents/BlastGame/telemetry/bot/158_163_167_169_172_176_185_191-193_200-2026-08-15T01-10-21/level-assets/test/172.asset
[Bot Batch] Level L172 (4/11): 200 runs × 1 strategy = 200 games
[Bot] LoadLevel LevelGroup=test level=176 asset=176
[Bot Batch] 已拷贝关卡 asset → C:/Users/Administrator/Documents/BlastGame/telemetry/bot/158_163_167_169_172_176_185_191-193_200-2026-08-15T01-10-21/level-assets/test/176.asset
[Bot Batch] Level L176 (5/11): 200 runs × 1 strategy = 200 games
[Bot] LoadLevel LevelGroup=test level=185 asset=185
[Bot Batch] 已拷贝关卡 asset → C:/Users/Administrator/Documents/BlastGame/telemetry/bot/158_163_167_169_172_176_185_191-193_200-2026-08-15T01-10-21/level-assets/test/185.asset
[Bot Batch] Level L185 (6/11): 200 runs × 1 strategy = 200 games
[Bot] LoadLevel LevelGroup=test level=191 asset=191
[Bot Batch] 已拷贝关卡 asset → C:/Users/Administrator/Documents/BlastGame/telemetry/bot/158_163_167_169_172_176_185_191-193_200-2026-08-15T01-10-21/level-assets/test/191.asset
[Bot Batch] Level L191 (7/11): 200 runs × 1 strategy = 200 games
[Bot] LoadLevel LevelGroup=test level=192 asset=192
[Bot Batch] 已拷贝关卡 asset → C:/Users/Administrator/Documents/BlastGame/telemetry/bot/158_163_167_169_172_176_185_191-193_200-2026-08-15T01-10-21/level-assets/test/192.asset
[Bot Batch] Level L192 (8/11): 200 runs × 1 strategy = 200 games
[Bot] LoadLevel LevelGroup=test level=193 asset=193
[Bot Batch] 已拷贝关卡 asset → C:/Users/Administrator/Documents/BlastGame/telemetry/bot/158_163_167_169_172_176_185_191-193_200-2026-08-15T01-10-21/level-assets/test/193.asset
[Bot Batch] Level L193 (9/11): 200 runs × 1 strategy = 200 games
[Bot] LoadLevel LevelGroup=test level=200 asset=200
[Bot Batch] 已拷贝关卡 asset → C:/Users/Administrator/Documents/BlastGame/telemetry/bot/158_163_167_169_172_176_185_191-193_200-2026-08-15T01-10-21/level-assets/test/200.asset
[Bot Batch] Level L200 (10/11): 200 runs × 1 strategy = 200 games
[BlastBotCampaign] summaryCsv=C:/Users/Administrator/Documents/BlastGame/telemetry/bot/158_163_167_169_172_176_185_191-193_200-2026-08-15T01-10-21/L158_163_167_169_172_176_185_191-193_200-T4-2026-08-15T02-23-54.477-batch-range/campaign-summary-T4.csv
[BlastBotCampaign] 导出完成: C:/Users/Administrator/Documents/BlastGame/telemetry/bot/158_163_167_169_172_176_185_191-193_200-2026-08-15T01-10-21/L158_163_167_169_172_176_185_191-193_200-T4-2026-08-15T02-23-54.477-batch-range，totalElapsedSec=0.017
[BlastBotCampaign] attemptsCsv=C:/Users/Administrator/Documents/BlastGame/telemetry/bot/158_163_167_169_172_176_185_191-193_200-2026-08-15T01-10-21/L158_163_167_169_172_176_185_191-193_200-T4-2026-08-15T02-23-54.477-batch-range/campaign-attempts-T4.csv
[Bot Batch] Levels 158,163,167,169,172,176,185,191,192,193,200: 11 levels × 200 runs × 1 strategy = 2200 games per tier
[Bot] LoadLevel LevelGroup=test level=158 asset=158
[Bot Batch] 已拷贝关卡 asset → C:/Users/Administrator/Documents/BlastGame/telemetry/bot/158_163_167_169_172_176_185_191-193_200-2026-08-15T01-10-21/level-assets/test/158.asset
[Bot Batch] Level L158 (0/11): 200 runs × 1 strategy = 200 games
[Bot] LoadLevel LevelGroup=test level=163 asset=163
[Bot Batch] 已拷贝关卡 asset → C:/Users/Administrator/Documents/BlastGame/telemetry/bot/158_163_167_169_172_176_185_191-193_200-2026-08-15T01-10-21/level-assets/test/163.asset
[Bot Batch] Level L163 (1/11): 200 runs × 1 strategy = 200 games
[Bot] LoadLevel LevelGroup=test level=167 asset=167
[Bot Batch] 已拷贝关卡 asset → C:/Users/Administrator/Documents/BlastGame/telemetry/bot/158_163_167_169_172_176_185_191-193_200-2026-08-15T01-10-21/level-assets/test/167.asset
[Bot Batch] Level L167 (2/11): 200 runs × 1 strategy = 200 games
[Bot] LoadLevel LevelGroup=test level=169 asset=169
[Bot Batch] 已拷贝关卡 asset → C:/Users/Administrator/Documents/BlastGame/telemetry/bot/158_163_167_169_172_176_185_191-193_200-2026-08-15T01-10-21/level-assets/test/169.asset
[Bot Batch] Level L169 (3/11): 200 runs × 1 strategy = 200 games
[Bot] LoadLevel LevelGroup=test level=172 asset=172
[Bot Batch] 已拷贝关卡 asset → C:/Users/Administrator/Documents/BlastGame/telemetry/bot/158_163_167_169_172_176_185_191-193_200-2026-08-15T01-10-21/level-assets/test/172.asset
[Bot Batch] Level L172 (4/11): 200 runs × 1 strategy = 200 games
[Bot] LoadLevel LevelGroup=test level=176 asset=176
[Bot Batch] 已拷贝关卡 asset → C:/Users/Administrator/Documents/BlastGame/telemetry/bot/158_163_167_169_172_176_185_191-193_200-2026-08-15T01-10-21/level-assets/test/176.asset
[Bot Batch] Level L176 (5/11): 200 runs × 1 strategy = 200 games
[Bot] LoadLevel LevelGroup=test level=185 asset=185
[Bot Batch] 已拷贝关卡 asset → C:/Users/Administrator/Documents/BlastGame/telemetry/bot/158_163_167_169_172_176_185_191-193_200-2026-08-15T01-10-21/level-assets/test/185.asset
[Bot Batch] Level L185 (6/11): 200 runs × 1 strategy = 200 games
[Bot] LoadLevel LevelGroup=test level=191 asset=191
[Bot Batch] 已拷贝关卡 asset → C:/Users/Administrator/Documents/BlastGame/telemetry/bot/158_163_167_169_172_176_185_191-193_200-2026-08-15T01-10-21/level-assets/test/191.asset
[Bot Batch] Level L191 (7/11): 200 runs × 1 strategy = 200 games
[Bot] LoadLevel LevelGroup=test level=192 asset=192
[Bot Batch] 已拷贝关卡 asset → C:/Users/Administrator/Documents/BlastGame/telemetry/bot/158_163_167_169_172_176_185_191-193_200-2026-08-15T01-10-21/level-assets/test/192.asset
[Bot Batch] Level L192 (8/11): 200 runs × 1 strategy = 200 games
[Bot] LoadLevel LevelGroup=test level=193 asset=193
[Bot Batch] 已拷贝关卡 asset → C:/Users/Administrator/Documents/BlastGame/telemetry/bot/158_163_167_169_172_176_185_191-193_200-2026-08-15T01-10-21/level-assets/test/193.asset
[Bot Batch] Level L193 (9/11): 200 runs × 1 strategy = 200 games
[Bot] LoadLevel LevelGroup=test level=200 asset=200
[Bot Batch] 已拷贝关卡 asset → C:/Users/Administrator/Documents/BlastGame/telemetry/bot/158_163_167_169_172_176_185_191-193_200-2026-08-15T01-10-21/level-assets/test/200.asset
[Bot Batch] Level L200 (10/11): 200 runs × 1 strategy = 200 games
[BlastBotCampaign] summaryCsv=C:/Users/Administrator/Documents/BlastGame/telemetry/bot/158_163_167_169_172_176_185_191-193_200-2026-08-15T01-10-21/L158_163_167_169_172_176_185_191-193_200-T5-2026-08-15T02-43-54.216-batch-range/campaign-summary-T5.csv
[BlastBotCampaign] 导出完成: C:/Users/Administrator/Documents/BlastGame/telemetry/bot/158_163_167_169_172_176_185_191-193_200-2026-08-15T01-10-21/L158_163_167_169_172_176_185_191-193_200-T5-2026-08-15T02-43-54.216-batch-range，totalElapsedSec=0.020
[BlastBotCampaign] attemptsCsv=C:/Users/Administrator/Documents/BlastGame/telemetry/bot/158_163_167_169_172_176_185_191-193_200-2026-08-15T01-10-21/L158_163_167_169_172_176_185_191-193_200-T5-2026-08-15T02-43-54.216-batch-range/campaign-attempts-T5.csv
[Bot Batch Jenkins] 完成，最后导出目录: C:\Users\Administrator\Documents\BlastGame\telemetry\bot\158_163_167_169_172_176_185_191-193_200-2026-08-15T01-10-21
Pipeline Server stopped
Killing ADB server in 0.0457066 seconds.
Start importing ProjectSettings/ProjectSettings.asset using Guid(00000000000000004000000000000000) (LibraryAssetImporter) -> (artifact id: '7053ce7066e15e58ffb62e0f0e0bfd41') in 0.0022831 seconds
Packages\com.betta.unity.sdk\Service\Services\ServiceFirebase\com.google.firebase.app\Firebase\Editor\Firebase.Editor.pdb: editor enabled True, build targets [] (current target StandaloneWindows64)
Packages\com.betta.unity.sdk\Service\Services\ServiceFirebase\com.google.firebase.crashlytics\Firebase\Editor\Firebase.Crashlytics.Editor.pdb: editor enabled True, build targets [] (current target StandaloneWindows64)
Packages\com.betta.unity.sdk\Service\Services\ServiceFirebase\com.google.firebase.messaging\Firebase\Editor\Firebase.Messaging.Editor.pdb: editor enabled True, build targets [] (current target StandaloneWindows64)
Packages\com.betta.unity.sdk\Service\Services\ServiceFirebase\com.google.firebase.app\Firebase\Editor\Firebase.Editor.pdb: editor enabled True, build targets [] (current target StandaloneWindows64)
Packages\com.betta.unity.sdk\Service\Services\ServiceFirebase\com.google.firebase.crashlytics\Firebase\Editor\Firebase.Crashlytics.Editor.pdb: editor enabled True, build targets [] (current target StandaloneWindows64)
Packages\com.betta.unity.sdk\Service\Services\ServiceFirebase\com.google.firebase.messaging\Firebase\Editor\Firebase.Messaging.Editor.pdb: editor enabled True, build targets [] (current target StandaloneWindows64)
Refreshing native plugins compatible for Editor in 65.98 ms, found 15 plugins.
Preloading 0 native plugins for Editor in 0.00 ms.
Asset Pipeline Refresh (id=62441e6d4b8e2c249af8aec221cd56bd): Total: 0.466 seconds - Initiated by StopAssetImportingV2(NoUpdateAssetOptions)
Summary:
Imports: total=1 (actual=1, local cache=0, cache server=0)
Asset DB Process Time: managed=0 ms, native=35 ms
Asset DB Callback time: managed=201 ms, native=229 ms
Scripting: domain reloads=0, domain reload time=0 ms, compile time=0 ms, other=0 ms
Project Asset Count: scripts=3748, non-scripts=7539
Asset File Changes: new=0, changed=0, moved=0, deleted=0
Scan Filter Count: 1
InvokeCustomDependenciesCallbacks: 0.000ms
InvokePackagesCallback: 0.000ms
ApplyChangesToAssetFolders: 0.148ms
Scan: 17.891ms
OnSourceAssetsModified: 0.000ms
CategorizeAssetsWithTransientArtifact: 0.012ms
ProcessAssetsWithTransientArtifactChanges: 0.291ms
CategorizeAssets: 4.815ms
ImportOutOfDateAssets: 6.920ms (0.888ms without children)
ImportManagerImport: 3.173ms (0.519ms without children)
ImportInProcess: 2.633ms
UpdateCategorizedAssets: 0.021ms
ReloadNativeAssets: 0.097ms
UnloadImportedAssets: 0.287ms
EnsureUptoDateAssetsAreRegisteredWithGuidPM: 1.745ms
InitializingProgressBar: 0.000ms
PostProcessAllAssetNotificationsAddChangedAssets: 0.000ms
OnDemandSchedulerStart: 0.730ms
PostProcessAllAssets: 364.072ms
Hotreload: 66.198ms
GatherAllCurrentPrimaryArtifactRevisions: 0.604ms
UnloadStreamsBegin: 0.228ms
PersistCurrentRevisions: 0.472ms
UnloadStreamsEnd: 0.001ms
Untracked: 4.678ms

Unloading 684 unused Assets / (97.4 KB). Loaded Objects now: 12238.
Memory consumption went from 332.5 MB to 332.4 MB.
Total: 31.295600 ms (FindLiveObjects: 0.682700 ms CreateObjectMapping: 0.793500 ms MarkObjects: 29.522500 ms  DeleteObjects: 0.296100 ms)

[Physics::Module] Cleanup current backned.
[Physics::Module] Id: 0xf2b8ea05
Input System module state changed to: ShutdownInProgress.
Input System polling thread exited.
Input System module state changed to: Shutdown.
[Licensing::IpcConnector] LicenseClient-Administrator-6000.0.60-notifications channel disconnected successfully.
[Licensing::IpcConnector] LicenseClient-Administrator-6000.0.60 channel disconnected successfully.
AcceleratorClientConnectionCallback - disconnected - :0
Shut down.
Cleanup mono
abort_threads: Failed aborting id: 0000000000000E04, mono_thread_manage will ignore it

abort_threads: Failed aborting id: 0000000000008E50, mono_thread_manage will ignore it

abort_threads: Failed aborting id: 0000000000000E04, mono_thread_manage will ignore it

abort_threads: Failed aborting id: 0000000000008E50, mono_thread_manage will ignore it

debugger-agent: Unable to listen on 2984
[usbmuxd] Stop listen thread
[usbmuxd] Listen thread exiting
Checking for leaked weakptr:
Found no leaked weakptrs.
[Package Manager] Server process was shutdown
##utp:{"type":"MemoryLeaks","version":2,"phase":"Immediate","time":1786733038535,"processId":29608,"allocatedMemory":27693087,"memoryLabels":[{"Default":28413},{"Permanent":15356},{"NewDelete":67361},{"Thread":4230384},{"Manager":27170},{"VertexData":8},{"Geometry":816},{"VFX":-104},{"Texture":160},{"Shader":78795},{"Material":24},{"GfxDevice":55168},{"Animation":392},{"Audio":4040},{"FontEngine":256},{"Physics":2081},{"Serialization":688},{"Input":14824},{"JobScheduler":33024},{"TextLib":160},{"Mono":32},{"MonoCode":64},{"ScriptingNativeRuntime":155060},{"BaseObject":1620240},{"Resource":1304},{"Renderer":2928},{"Transform":4646},{"File":59772},{"WebCam":616},{"Culling":32},{"Terrain":11394},{"Wind":24},{"STL":40},{"String":14366},{"DynamicArray":291899},{"HashMap":59208},{"Utility":2659534},{"Curl":48},{"PoolAlloc":1864},{"AI":104},{"TypeTree":5005},{"ScriptManager":512},{"RuntimeInitializeOnLoadManager":64},{"SpriteAtlas":112},{"GI":7888},{"Director":8240},{"CloudService":7904},{"WebRequest":845},{"VR":45969},{"SceneManager":496},{"Video":64},{"LazyScriptCache":32},{"Camera":17},{"Secure":1},{"SerializationCache":1576},{"APIUpdating":10320},{"Subsystems":336},{"VirtualTexturing":57888},{"StaticSafetyDebugInfo":278528},{"Analytics":384},{"Hierarchy":272},{"Gui":80},{"EditorUtility":102090},{"VersionControl":4},{"Undo":947},{"AssetDatabase":17668890},{"EditorGi":328},{"UnityConnect":24184},{"Upm":2036},{"DrivenProperties":72},{"LocalIPC":219},{"ProfilerEditor":9746},{"CoreBusinessMetrics":15119},{"Licensing":664},{"AssetReference":32},{"IPCStream":32}]}
~StackAllocator(ALLOC_TEMP_MAIN) m_LastAlloc not NULL. Did you forget to call FreeAllStackAllocations()? To get more information, run app with -diag-temp-memory-leak-validation cmd line argument
